File Name,_Water1_b1024,_Water1_e1024,_Water1_b1000,_Water1_e1000,_Water1_be950,_Water1_be856,_Water1_median,_Water1_sd,_Water1_mean,_Water1_mode,_Water1_skew,_Water1_kurt,_Water1_min,_Water1_max,_Water1_tot_vx,_Water2_b1024,_Water2_e1024,_Water2_b1000,_Water2_e1000,_Water2_be950,_Water2_be856,_Water2_median,_Water2_sd,_Water2_mean,_Water2_mode,_Water2_skew,_Water2_kurt,_Water2_min,_Water2_max,_Water2_tot_vx,_LungA_b1024,_LungA_e1024,_LungA_b1000,_LungA_e1000,_LungA_be950,_LungA_be856,_LungA_median,_LungA_sd,_LungA_mean,_LungA_mode,_LungA_skew,_LungA_kurt,_LungA_min,_LungA_max,_LungA_tot_vx,_Air_b1024,_Air_e1024,_Air_b1000,_Air_e1000,_Air_be950,_Air_be856,_Air_median,_Air_sd,_Air_mean,_Air_mode,_Air_skew,_Air_kurt,_Air_min,_Air_max,_Air_tot_vx,_OutsideAir_b1024,_OutsideAir_e1024,_OutsideAir_b1000,_OutsideAir_e1000,_OutsideAir_be950,_OutsideAir_be856,_OutsideAir_median,_OutsideAir_sd,_OutsideAir_mean,_OutsideAir_mode,_OutsideAir_skew,_OutsideAir_kurt,_OutsideAir_min,_OutsideAir_max,_OutsideAir_tot_vx,_NIST4_b1024,_NIST4_e1024,_NIST4_b1000,_NIST4_e1000,_NIST4_be950,_NIST4_be856,_NIST4_median,_NIST4_sd,_NIST4_mean,_NIST4_mode,_NIST4_skew,_NIST4_kurt,_NIST4_min,_NIST4_max,_NIST4_tot_vx,_NIST8_b1024,_NIST8_e1024,_NIST8_b1000,_NIST8_e1000,_NIST8_be950,_NIST8_be856,_NIST8_median,_NIST8_sd,_NIST8_mean,_NIST8_mode,_NIST8_skew,_NIST8_kurt,_NIST8_min,_NIST8_max,_NIST8_tot_vx,_NIST12_b1024,_NIST12_e1024,_NIST12_b1000,_NIST12_e1000,_NIST12_be950,_NIST12_be856,_NIST12_median,_NIST12_sd,_NIST12_mean,_NIST12_mode,_NIST12_skew,_NIST12_kurt,_NIST12_min,_NIST12_max,_NIST12_tot_vx,_NIST14_b1024,_NIST14_e1024,_NIST14_b1000,_NIST14_e1000,_NIST14_be950,_NIST14_be856,_NIST14_median,_NIST14_sd,_NIST14_mean,_NIST14_mode,_NIST14_skew,_NIST14_kurt,_NIST14_min,_NIST14_max,_NIST14_tot_vx,_NIST20_b1024,_NIST20_e1024,_NIST20_b1000,_NIST20_e1000,_NIST20_be950,_NIST20_be856,_NIST20_median,_NIST20_sd,_NIST20_mean,_NIST20_mode,_NIST20_skew,_NIST20_kurt,_NIST20_min,_NIST20_max,_NIST20_tot_vx,_Acrylic_b1024,_Acrylic_e1024,_Acrylic_b1000,_Acrylic_e1000,_Acrylic_be950,_Acrylic_be856,_Acrylic_median,_Acrylic_sd,_Acrylic_mean,_Acrylic_mode,_Acrylic_skew,_Acrylic_kurt,_Acrylic_min,_Acrylic_max,_Acrylic_tot_vx,_Bone20_b1024,_Bone20_e1024,_Bone20_b1000,_Bone20_e1000,_Bone20_be950,_Bone20_be856,_Bone20_median,_Bone20_sd,_Bone20_mean,_Bone20_mode,_Bone20_skew,_Bone20_kurt,_Bone20_min,_Bone20_max,_Bone20_tot_vx,_Bone50_b1024,_Bone50_e1024,_Bone50_b1000,_Bone50_e1000,_Bone50_be950,_Bone50_be856,_Bone50_median,_Bone50_sd,_Bone50_mean,_Bone50_mode,_Bone50_skew,_Bone50_kurt,_Bone50_min,_Bone50_max,_Bone50_tot_vx,_OutsidePhantomAir_b1024,_OutsidePhantomAir_e1024,_OutsidePhantomAir_b1000,_OutsidePhantomAir_e1000,_OutsidePhantomAir_be950,_OutsidePhantomAir_be856,_OutsidePhantomAir_median,_OutsidePhantomAir_sd,_OutsidePhantomAir_mean,_OutsidePhantomAir_mode,_OutsidePhantomAir_skew,_OutsidePhantomAir_kurt,_OutsidePhantomAir_min,_OutsidePhantomAir_max,_OutsidePhantomAir_tot_vx,both_b1024,both_e1024,both_b1000,both_e1000,both_median,both_sd,both_mean,both_mode,both_skew,both_kurt,both_min,both_max,both_tot_vx,left_b1024,left_e1024,left_b1000,left_e1000,left_median,left_sd,left_mean,left_mode,left_skew,left_kurt,left_min,left_max,left_tot_vx,right_b1024,right_e1024,right_b1000,right_e1000,right_median,right_sd,right_mean,right_mode,right_skew,right_kurt,right_min,right_max,right_tot_vx,trachea_b1024,trachea_e1024,trachea_b1000,trachea_e1000,trachea_median,trachea_sd,trachea_mean,trachea_mode,trachea_skew,trachea_kurt,trachea_min,trachea_max,trachea_tot_vx,CF95,CF90,CF80,CF75,CF50,CF20,CF10,CF5,Nyquist Frequency,zCF95,zCF90,zCF80,zCF75,zCF50,zCF20,zCF10,zCF5,zNyquist Frequency,CNR,SNR,CNR-v2,SNR-v2
Z:\SierenLab\FOVKyotoScans\1024\1024_DFOV_200.nii.gz,0,0,0,0,0,0,-4,60.7011,-4.15662,-8,-0.0134933,0.092966,-262,261,206644,0,0,0,0,0,0,-2,59.553,-3.10471,3,-0.0413829,0.0835275,-267,266,205368,95538,2660,175778,3968,417992,916668,-653,219.73,-600.964,-707,0.876665,0.50236,-1185,262,13015062,65823,1685,109749,1826,184329,205816,-1004,43.3542,-1004.05,-1010,0.0120055,0.0352638,-1195,-834,205888,5075171,107741,7798541,116407,12713040,14846277,-1004,51.7561,-1003.59,-1002,-0.00102813,0.10049,-1277,-709,14883256,11240,440,25988,855,91777,198046,-942,50.6995,-942.778,-954,-0.0558351,0.0723297,-1169,-725,206316,349,18,1596,106,18366,155189,-886,46.268,-887.009,-881,-0.030691,0.0689038,-1093,-676,205344,3,1,32,1,819,46120,-821,46.2989,-821.081,-826,0.00168321,0.254627,-1027,-593,206736,0,0,0,0,26,9850,-778,46.3317,-778.017,-784,0.00529014,0.125809,-972,-555,206372,0,0,0,0,0,220,-689,52.4156,-688.367,-694,0.019416,0.125876,-912,-457,203996,0,0,0,0,0,0,121,68.3282,120.72,117,-0.0261917,0.0530553,-160,399,206760,0,0,0,0,0,0,215,60.592,214.524,209,-0.0350434,0.019432,-63,533,207072,0,0,0,0,0,0,672,63.7393,672.37,678,0.00364955,0.0833014,402,970,204596,37934,1580,84023,2091,159955,169440,-664,115.344,-691.707,-660,-1.81895,2.76635,-1149,-402,1666344,0,0,3,1,-637,55.2106,-636.972,-637,0.0346534,0.154499,-1012,-288,215669952,0,0,3,1,-639,54.9135,-638.135,-640,0.0463428,0.174494,-1012,-288,113367800,0,0,0,0,-636,55.5095,-635.682,-638,0.0206715,0.135078,-982,-295,102302152,95313,2335,160124,2934,-991,50.5056,-991.348,-992,-0.0221145,0.0178962,-1228,-762,374552,0.92,1.337,1.971,2.239,3.417,5.181,6.173,6.921,25.6,1.156,1.677,2.536,2.936,5.13,9.755,12.049,13.923,25,1.27382,12.3072,0.571577,5.52237
Z:\SierenLab\FOVKyotoScans\1024\1024_DFOV_250.nii.gz,0,0,0,0,0,0,-4,60.6918,-4.1815,4,-0.0150779,0.0933508,-261,259,131808,0,0,0,0,0,0,-2,59.511,-3.00462,2,-0.039021,0.0717346,-263,263,133088,61090,1766,112616,2486,267486,586198,-653,219.694,-600.966,-708,0.876569,0.503285,-1186,259,8328950,42348,1120,70639,1212,118627,132404,-1004,43.3093,-1004.07,-1003,0.0136127,0.0458921,-1192,-833,132448,3243689,68588,4985987,74440,8131191,9497912,-1004,51.7534,-1003.55,-1005,-0.00100548,0.101572,-1278,-706,9521728,6940,293,16239,495,57987,125555,-942,50.4654,-942.565,-944,-0.0477334,0.066349,-1171,-725,130800,226,17,1035,62,11921,100692,-887,46.2812,-887.065,-890,-0.0262351,0.070066,-1091,-679,133072,2,0,23,0,515,29461,-821,46.3184,-821.01,-820,0.00226919,0.250518,-1030,-593,131972,0,0,0,0,22,6191,-778,46.3312,-777.938,-776,0.00905442,0.119149,-968,-560,131612,0,0,0,0,0,144,-689,52.3634,-688.621,-695,0.016108,0.115429,-912,-456,130108,0,0,0,0,0,0,121,68.487,120.828,103,-0.0277684,0.0560664,-161,399,132136,0,0,0,0,0,0,215,60.5835,214.587,222,-0.0446754,0.0200201,-65,531,131636,0,0,0,0,0,0,673,63.5613,672.457,681,0.000201294,0.0943129,397,974,130144,214393,9832,513835,14131,1014115,1069698,-999,30.4083,-999.031,-997,-0.00358726,0.0116882,-1148,-846,1069700,0,0,4,0,-636,55.4914,-635.787,-636,0.0358876,0.147152,-1018,-287,147794432,0,0,4,0,-637,55.2427,-636.698,-638,0.0477303,0.165154,-1018,-287,78200704,0,0,0,0,-635,55.7517,-634.764,-633,0.021971,0.12908,-981,-299,69593728,72144,1861,121719,2207,-991,50.4664,-990.68,-990,-0.015839,0.0198432,-1229,-739,288176,0.934,1.331,1.958,2.226,3.387,5.135,6.124,6.883,20.48,1.159,1.681,2.536,2.934,5.125,9.75,12.06,13.928,25,1.27634,12.2849,2.17227,20.9083
Z:\SierenLab\FOVKyotoScans\1024\1024_DFOV_300.nii.gz,0,0,0,0,0,0,-4,60.6905,-4.19127,5,-0.0195889,0.0983357,-263,253,91552,0,0,0,0,0,0,-3,59.5617,-3.20184,2,-0.0400281,0.0738022,-260,259,91472,42382,1266,77914,1722,185510,407356,-653,219.868,-600.783,-708,0.876336,0.498289,-1187,257,5786503,29302,745,48967,838,82317,91890,-1004,43.2882,-1003.96,-1007,0.0140917,0.0501471,-1194,-833,91924,2254688,47276,3465207,51945,5649238,6597394,-1004,51.7551,-1003.57,-1007,-0.000470004,0.102315,-1278,-719,6614008,4886,182,11421,374,40607,88019,-942,50.5085,-942.582,-952,-0.0430192,0.0587755,-1169,-729,91668,155,10,699,51,8195,69196,-886,46.3502,-886.874,-878,-0.0271297,0.0650726,-1089,-682,91624,0,0,15,2,339,20236,-821,46.3435,-820.853,-819,-0.00164458,0.237623,-1021,-598,91112,0,0,0,0,12,4320,-778,46.2875,-778.031,-772,0.00639505,0.115468,-969,-557,91100,0,0,0,0,0,89,-689,52.3623,-688.402,-691,0.0187227,0.111224,-914,-464,90716,0,0,0,0,0,0,121,68.4846,120.459,110,-0.0302629,0.0554854,-164,400,91220,0,0,0,0,0,0,215,60.6214,214.427,222,-0.0435505,0.00751216,-64,525,91084,0,0,0,0,0,0,672,63.7489,672.273,676,0.00202061,0.0909535,407,973,90576,152517,7428,379160,10749,748166,784654,-999,29.5491,-999.216,-1003,-0.000455314,0.0411225,-1134,-845,784656,0,0,1,0,-636,55.6024,-635.614,-637,0.0387557,0.147742,-1013,-293,103207304,0,0,1,0,-637,55.3616,-636.506,-640,0.0511468,0.166571,-1013,-293,54624056,0,0,0,0,-635,55.855,-634.611,-635,0.0242741,0.128803,-979,-295,48583248,54446,1413,91628,1690,-991,50.512,-990.737,-987,-0.015577,0.0348471,-1221,-739,217160,0.914,1.318,1.937,2.2,3.362,5.091,6.077,6.835,17.067,1.157,1.678,2.537,2.937,5.12,9.717,12.05,13.921,25,1.27564,12.2812,2.23428,21.5104
Z:\SierenLab\FOVKyotoScans\1024\1024_DFOV_350.nii.gz,0,0,0,0,0,0,-4,60.7192,-4.08833,-4,-0.0131662,0.0927352,-260,258,68144,0,0,0,0,0,0,-2,59.4905,-2.74252,1,-0.0404822,0.0794624,-252,260,68628,31238,896,57440,1298,136446,299352,-653,219.785,-600.908,-702,0.876761,0.501355,-1190,259,4250442,21461,494,35735,609,59972,66930,-1004,43.346,-1004.01,-1014,0.0134146,0.0527694,-1188,-832,66956,1656063,34980,2544545,37627,4148096,4844567,-1004,51.7546,-1003.58,-1007,-0.00134117,0.0977211,-1274,-721,4856536,3765,142,8757,278,30783,66095,-943,50.6206,-943.001,-942,-0.0502766,0.0629833,-1164,-739,68824,119,4,537,34,6061,50710,-887,46.2771,-887.175,-893,-0.0394834,0.066253,-1093,-679,67088,1,0,11,0,278,15032,-821,46.3132,-821.122,-824,-0.00151241,0.24794,-1027,-591,67288,0,0,0,0,8,3137,-778,46.291,-778.009,-778,0.0109148,0.123179,-968,-556,66752,0,0,0,0,0,78,-689,52.3228,-688.357,-691,0.0168463,0.125987,-915,-465,66528,0,0,0,0,0,0,121,68.5539,120.664,137,-0.0254329,0.0542905,-156,396,68224,0,0,0,0,0,0,215,60.7087,214.417,225,-0.0377861,0.00257922,-70,527,67216,0,0,0,0,0,0,673,63.659,672.65,659,0.000454922,0.0900449,403,966,66044,129414,6650,335494,9966,667775,696770,-999,28.6293,-999.185,-1002,0.00116958,0.0948166,-1132,-846,696772,0,0,1,1,-635,55.8765,-634.874,-636,0.0448867,0.15371,-1021,-286,77571036,0,0,1,1,-636,55.6281,-635.818,-638,0.0576287,0.173512,-1021,-286,41025668,0,0,0,0,-634,56.1352,-633.815,-633,0.0299894,0.133905,-984,-304,36545368,48431,1258,81367,1508,-990,50.7496,-990.227,-993,-0.0069608,0.03231,-1214,-741,194352,0.898,1.3,1.912,2.173,3.322,5.024,6.005,6.763,14.629,1.156,1.678,2.537,2.937,5.124,9.711,12.034,13.89,25,1.27627,12.267,2.30718,22.1757
Z:\SierenLab\FOVKyotoScans\1024\1024_DFOV_400.nii.gz,0,0,0,0,0,0,-4,60.8053,-4.27941,-3,-0.0153548,0.0910388,-255,253,50760,0,0,0,0,0,0,-2,59.6456,-2.41816,-3,-0.0405583,0.0745781,-258,259,51404,23994,668,44046,898,104224,229178,-653,219.812,-600.908,-702,0.878032,0.505123,-1179,263,3253866,16358,433,27203,483,45758,51071,-1004,43.2497,-1003.99,-1004,0.00775787,0.0557976,-1186,-832,51092,1269050,26718,1949211,28663,3177834,3711550,-1004,51.7731,-1003.57,-1003,-0.000938391,0.0986316,-1266,-731,3720736,2769,105,6496,203,23101,49839,-942,50.5329,-942.739,-944,-0.0476531,0.0634898,-1158,-728,51916,89,7,401,23,4674,39506,-886,46.1608,-887.029,-886,-0.0373614,0.0773453,-1080,-684,52276,0,0,8,1,214,11626,-821,46.2162,-821.107,-827,-0.0115759,0.25522,-1020,-598,52000,0,0,0,0,6,2472,-778,46.3217,-778.295,-778,0.0160267,0.117234,-971,-562,51676,0,0,0,0,0,51,-689,52.31,-688.106,-690,0.0238122,0.126245,-919,-458,50756,0,0,0,0,0,0,121,68.5164,120.903,144,-0.0337591,0.0473179,-158,396,51632,0,0,0,0,0,0,215,60.6898,214.232,222,-0.0313635,-0.0069233,-53,528,51344,0,0,0,0,0,0,673,63.6819,672.421,657,0.00107646,0.103861,411,974,50248,103248,5641,279728,8635,560905,582539,-999,27.7953,-999.18,-1000,-0.00111464,0.149145,-1134,-855,582540,0,0,1,0,-636,55.4688,-636.073,-636,0.0393833,0.158159,-1008,-292,56979644,0,0,1,0,-637,55.2469,-636.932,-636,0.0519882,0.177008,-1008,-292,30154080,0,0,0,0,-635,55.7013,-635.108,-635,0.0247435,0.13919,-974,-297,26825564,29506,715,49209,863,-991,50.8555,-990.919,-997,-0.0187824,0.00647663,-1227,-765,115784,0.888,1.284,1.885,2.142,3.285,4.96,5.932,6.693,12.8,1.151,1.671,2.532,2.933,5.122,9.684,12.027,13.885,25,1.27329,12.2858,2.3717,22.8842
Z:\SierenLab\FOVKyotoScans\1024\1024_DFOV_450.nii.gz,0,0,0,0,0,0,-4,60.6062,-4.02511,-5,-0.0199873,0.107565,-268,250,41016,0,0,0,0,0,0,-2,59.4767,-2.79458,1,-0.0243562,0.0769118,-262,262,40648,18810,582,34640,772,82312,180984,-653,219.792,-600.87,-705,0.877875,0.504422,-1175,249,2571205,12938,350,21621,387,36434,40694,-1004,43.2853,-1003.91,-994,0.0111426,0.0591281,-1192,-833,40708,1001979,21068,1539996,22862,2511762,2933615,-1004,51.7519,-1003.54,-1002,-0.000869268,0.0959273,-1274,-733,2940844,2214,88,5104,162,17944,38640,-942,50.7415,-942.727,-957,-0.0515462,0.0721174,-1169,-727,40260,64,1,301,24,3577,30250,-886,46.2084,-886.895,-879,-0.031019,0.0684463,-1084,-686,40048,1,0,6,0,147,9238,-821,46.0787,-821.079,-824,-0.00365208,0.236952,-1026,-592,41480,0,0,0,0,6,1968,-779,46.202,-778.336,-772,0.0112665,0.132672,-973,-564,40584,0,0,0,0,0,38,-689,52.398,-688.376,-697,0.011395,0.117506,-900,-474,40440,0,0,0,0,0,0,121,68.7185,120.338,135,-0.0207355,0.0489969,-162,394,40768,0,0,0,0,0,0,214,60.5446,213.832,211,-0.0301651,0.0125731,-55,507,41172,0,0,0,0,0,0,673,63.7664,672.53,655,-0.00940034,0.0844758,401,969,40356,44670,2493,124960,3945,252890,262144,-999,27.2927,-998.974,-999,-0.00381722,0.228702,-1147,-856,262144,0,0,0,0,-635,56.1215,-634.237,-637,0.049934,0.155476,-994,-281,47783392,0,0,0,0,-636,55.8465,-635.233,-637,0.0625504,0.176626,-994,-283,25253192,0,0,0,0,-633,56.4072,-633.121,-634,0.0350853,0.134298,-973,-281,22530200,31682,793,53295,1002,-990,51.0799,-990.063,-980,9.51E-05,0.0467627,-1229,-744,127276,0.897,1.283,1.873,2.129,3.273,4.937,5.9,6.667,11.378,1.155,1.673,2.52,2.916,5.099,9.694,12.044,13.833,25,1.27176,12.2553,2.41149,23.2383
Z:\SierenLab\FOVKyotoScans\1024\1024_DFOV_500.nii.gz,0,0,0,0,0,0,-4,60.5582,-4.45418,-2,-0.0280874,0.0735139,-257,240,32892,0,0,0,0,0,0,-1.5,59.52,-2.23916,-4,-0.0313567,0.0898399,-257,260,32840,15254,432,28014,688,66744,146420,-653,219.999,-600.692,-703,0.878571,0.502802,-1169,247,2082992,10511,270,17481,338,29446,32870,-1004,43.3903,-1003.99,-992,0.00638449,0.0719613,-1182,-840,32884,811347,17158,1245806,18677,2033069,2374765,-1004,51.7638,-1003.53,-1005,-0.000545294,0.0981393,-1274,-748,2380640,1717,76,4021,149,14554,31337,-942,50.3111,-942.685,-940,-0.0393722,0.0534356,-1156,-733,32628,53,3,238,23,2951,25131,-886,46.3928,-886.284,-891,-0.0148683,0.0886685,-1070,-683,33484,0,0,5,0,138,7387,-821,46.5146,-821.113,-819,0.011952,0.241361,-1022,-604,32888,0,0,0,0,3,1513,-778,46.1852,-777.933,-782,0.00958097,0.113506,-972,-571,32712,0,0,0,0,0,35,-689,52.3156,-688.485,-692,0.0252212,0.114319,-906,-460,32956,0,0,0,0,0,0,121,68.8029,120.804,126,-0.034662,0.0495982,-159,397,32980,0,0,0,0,0,0,215,60.7993,214.285,226,-0.0369442,0.0120289,-58,536,32740,0,0,0,0,0,0,673,63.5381,672.172,657,-0.00042264,0.102991,404,961,32540,58274,2586,141651,4205,275044,284000,-1000,1573.58,-1361.16,-8192,-4.10931,14.8922,-8192,-856,284000,0,0,1,0,-636,55.7893,-635.223,-638,0.0445601,0.156991,-1009,-283,37542960,0,0,1,0,-637,55.5469,-636.136,-638,0.0574423,0.177434,-1009,-294,19860176,0,0,0,0,-635,56.0424,-634.197,-637,0.0295436,0.136439,-965,-283,17682784,21809,551,36435,666,-990,50.9376,-990.409,-985,-0.0029973,0.0291921,-1217,-753,86532,0.874,1.25,1.826,2.075,3.191,4.811,5.757,6.515,10.24,1.154,1.673,2.523,2.92,5.108,9.667,12.073,13.865,25,1.25901,12.2716,0.0414158,0.40368
Z:\SierenLab\FOVKyotoScans\1024IR3\1024_DFOV_200.nii.gz,0,0,0,0,0,0,-4,60.7011,-4.15662,-8,-0.0134933,0.092966,-262,261,206644,0,0,0,0,0,0,-2,59.553,-3.10471,3,-0.0413829,0.0835275,-267,266,205368,95538,2660,175778,3968,417992,916668,-653,219.73,-600.964,-707,0.876665,0.50236,-1185,262,13015062,65823,1685,109749,1826,184329,205816,-1004,43.3542,-1004.05,-1010,0.0120055,0.0352638,-1195,-834,205888,5075171,107741,7798541,116407,12713040,14846277,-1004,51.7561,-1003.59,-1002,-0.00102813,0.10049,-1277,-709,14883256,11240,440,25988,855,91777,198046,-942,50.6995,-942.778,-954,-0.0558351,0.0723297,-1169,-725,206316,349,18,1596,106,18366,155189,-886,46.268,-887.009,-881,-0.030691,0.0689038,-1093,-676,205344,3,1,32,1,819,46120,-821,46.2989,-821.081,-826,0.00168321,0.254627,-1027,-593,206736,0,0,0,0,26,9850,-778,46.3317,-778.017,-784,0.00529014,0.125809,-972,-555,206372,0,0,0,0,0,220,-689,52.4156,-688.367,-694,0.019416,0.125876,-912,-457,203996,0,0,0,0,0,0,121,68.3282,120.72,117,-0.0261917,0.0530553,-160,399,206760,0,0,0,0,0,0,215,60.592,214.524,209,-0.0350434,0.019432,-63,533,207072,0,0,0,0,0,0,672,63.7393,672.37,678,0.00364955,0.0833014,402,970,204596,37934,1580,84023,2091,159955,169440,-664,115.344,-691.707,-660,-1.81895,2.76635,-1149,-402,1666344,0,0,3,1,-637,55.2106,-636.972,-637,0.0346534,0.154499,-1012,-288,215669952,0,0,3,1,-639,54.9135,-638.135,-640,0.0463428,0.174494,-1012,-288,113367800,0,0,0,0,-636,55.5095,-635.682,-638,0.0206715,0.135078,-982,-295,102302152,95313,2335,160124,2934,-991,50.5056,-991.348,-992,-0.0221145,0.0178962,-1228,-762,374552,0.92,1.337,1.971,2.239,3.417,5.181,6.173,6.921,25.6,1.156,1.677,2.536,2.936,5.13,9.755,12.049,13.923,25,1.27382,12.3072,0.571577,5.52237
Z:\SierenLab\FOVKyotoScans\1024IR3\1024_DFOV_200_IR3.nii.gz,0,0,0,0,0,0,-4,32.537,-4.45893,-6,-0.00834612,0.120461,-139,136,206544,0,0,0,0,0,0,-3,31.7696,-3.66682,-1,-0.0287939,0.0944877,-147,141,205360,29352,2040,110380,4708,421346,798562,-658,212.832,-600.073,-714,0.944714,0.599324,-1096,177,13038718,38260,2448,114983,3541,204016,205888,-1004,22.9343,-1003.92,-1005,-0.000951909,0.0344003,-1106,-914,205888,3309730,163899,8129873,217202,14502455,14883249,-1004,27.6009,-1003.66,-1002,0.00545485,0.111966,-1151,-838,14883260,390,51,3650,318,81609,206237,-942,26.9954,-942.505,-939,-0.0601951,0.0870477,-1063,-824,206352,0,0,0,0,1136,185514,-887,24.3554,-886.977,-885,-0.0298297,0.0705385,-993,-777,205336,0,0,0,0,0,16138,-821,24.3895,-821.239,-825,0.00760386,0.256886,-931,-703,206756,0,0,0,0,0,191,-778,24.3892,-778.322,-777,0.0107303,0.132612,-882,-661,206408,0,0,0,0,0,0,-688,27.6968,-687.79,-689,0.0173889,0.136322,-807,-566,204000,0,0,0,0,0,0,122,36.3467,121.443,127,-0.0301015,0.0423617,-24,267,206800,0,0,0,0,0,0,216,32.9809,215.352,214,-0.046246,0.0350406,57,386,207096,0,0,0,0,0,0,673,35.3211,672.613,665,0.00247476,0.148751,520,841,204648,14824,1673,88057,4094,177188,177520,-661,109.901,-694.101,-658,-2.26471,3.69616,-1081,-526,1645336,0,0,0,0,-637,34.622,-635.846,-640,0.221034,0.230337,-904,-404,222827216,0,0,0,0,-639,34.4163,-637.094,-642,0.238273,0.281212,-903,-404,116970440,0,0,0,0,-636,34.7959,-634.467,-638,0.200978,0.181777,-904,-423,105856776,65838,4196,219595,8479,-991,27.45,-990.666,-994,0.00952568,0.0634614,-1116,-851,611052,0.898,1.303,1.926,2.195,3.406,5.164,6.113,6.84,25.6,1.149,1.672,2.539,2.94,5.057,9.525,12.06,14.019,25,2.38173,23.0371,0.598157,5.78563
Z:\SierenLab\FOVKyotoScans\1024IR3\1024_DFOV_250_IR3.nii.gz,0,0,0,0,0,0,-4,32.4999,-4.50329,-2,-0.0094515,0.122269,-138,136,131776,0,0,0,0,0,0,-3,31.7265,-3.67198,-2,-0.0258748,0.0807487,-141,139,133084,19176,1324,71758,3148,271698,512268,-658,212.949,-600.145,-710,0.943392,0.598574,-1096,177,8343682,24518,1588,74156,2304,131313,132488,-1004,22.8824,-1003.95,-1004,0.00126289,0.0444397,-1105,-913,132488,2110288,104966,5196555,138630,9278474,9521615,-1004,27.5689,-1003.62,-1003,0.00534038,0.113115,-1151,-834,9521624,225,28,2200,209,51428,130731,-942,26.8301,-942.364,-943,-0.0510561,0.0778201,-1064,-828,130800,0,0,0,0,698,120289,-887,24.3125,-886.998,-882,-0.0243565,0.0717786,-994,-779,133088,0,0,0,0,0,10209,-821,24.3427,-821.17,-822,0.00884542,0.251242,-931,-703,131948,0,0,0,0,0,123,-778,24.3406,-778.254,-777,0.0140432,0.126843,-881,-663,131612,0,0,0,0,0,0,-688,27.6194,-687.908,-688,0.0136952,0.124951,-808,-566,130128,0,0,0,0,0,0,122,36.3769,121.527,123,-0.0303738,0.0470804,-25,268,132132,0,0,0,0,0,0,216,32.9286,215.375,211,-0.057541,0.0297654,56,385,131632,0,0,0,0,0,0,673,35.2886,672.644,674,-0.00178425,0.17292,521,845,130152,61167,7924,496179,26617,1070754,1071868,-999,16.132,-999.011,-998,-0.00646888,0.0119498,-1079,-919,1071868,0,0,0,0,-636,34.9994,-634.61,-638,0.220741,0.188373,-879,-408,152593304,0,0,0,0,-637,34.8881,-635.573,-641,0.239106,0.231247,-879,-411,80626272,0,0,0,0,-635,35.0923,-633.53,-638,0.200031,0.146184,-864,-408,71967032,45866,3012,153791,5966,-991,27.4871,-990.515,-988,0.0162817,0.0672552,-1118,-852,429756,0.91,1.308,1.931,2.199,3.402,5.145,6.09,6.811,20.48,1.156,1.683,2.552,2.952,5.052,9.478,12.062,14.024,25,2.38776,23.0191,4.08059,39.3386
Z:\SierenLab\FOVKyotoScans\1024IR3\1024_DFOV_300_IR3.nii.gz,0,0,0,0,0,0,-4,32.519,-4.54856,-6,-0.0134142,0.128984,-140,138,91592,0,0,0,0,0,0,-3,31.7609,-3.75995,-2,-0.0250601,0.0853958,-140,137,91496,13288,908,49600,2040,188096,356318,-658,213.136,-599.952,-708,0.942425,0.5904,-1097,176,5796621,16979,1122,51376,1538,91083,91912,-1004,22.8774,-1003.91,-998,0.00195992,0.0498098,-1106,-914,91912,1468141,73173,3612744,97071,6445482,6614118,-1004,27.5759,-1003.64,-1003,0.00572775,0.114726,-1151,-849,6614120,150,17,1543,140,35961,91618,-942,26.8552,-942.326,-941,-0.0479312,0.0728568,-1063,-827,91668,0,0,0,0,478,82672,-887,24.3579,-886.816,-888,-0.0243979,0.0709847,-992,-780,91620,0,0,0,0,0,7011,-821,24.3479,-821.062,-822,0.00378216,0.237993,-927,-705,91108,0,0,0,0,0,83,-778,24.3139,-778.305,-777,0.0116643,0.122191,-880,-662,91100,0,0,0,0,0,0,-688,27.6097,-687.763,-694,0.0163232,0.119688,-808,-570,90716,0,0,0,0,0,0,121,36.3797,121.331,128,-0.0333167,0.0462279,-26,268,91220,0,0,0,0,0,0,216,33.0122,215.202,216,-0.0540709,0.0205663,57,381,91084,0,0,0,0,0,0,673,35.5791,672.55,663,-0.00128221,0.179047,520,846,90600,41562,5548,366148,20422,784863,785516,-999,15.6528,-999.158,-1000,0.000275016,0.0374554,-1070,-918,785516,0,0,0,0,-636,35.048,-634.605,-639,0.222192,0.191056,-881,-409,106047216,0,0,0,0,-637,34.939,-635.553,-641,0.240651,0.23378,-881,-411,56043868,0,0,0,0,-635,35.1393,-633.543,-637,0.201388,0.148942,-863,-409,50003348,31877,2112,106544,4188,-991,27.5011,-990.557,-986,0.0158127,0.0760278,-1115,-852,297412,0.893,1.287,1.899,2.163,3.356,5.084,6.035,6.78,17.067,1.162,1.692,2.57,2.974,5.074,9.41,12.037,14.056,25,2.38447,23.013,4.20078,40.5426
Z:\SierenLab\FOVKyotoScans\1024IR3\1024_DFOV_350_IR3.nii.gz,0,0,0,0,0,0,-4,32.5813,-4.51057,2,-0.00824853,0.123996,-138,134,68092,0,0,0,0,0,0,-3,31.7361,-3.47225,0,-0.026746,0.0936287,-140,138,68580,9838,692,36440,1600,138276,262460,-658,213.095,-600.055,-708,0.94106,0.589143,-1099,178,4257894,12390,775,37530,1095,66350,66980,-1004,22.9231,-1003.94,-1003,-0.000314758,0.049436,-1101,-912,66980,1079115,53141,2653166,70694,4732091,4856470,-1004,27.5819,-1003.65,-1005,0.00493035,0.110711,-1149,-844,4856472,122,12,1194,118,27432,68847,-943,26.9278,-942.655,-952,-0.055043,0.0772643,-1060,-834,68884,0,0,0,0,389,60746,-887,24.3289,-887.132,-883,-0.0393643,0.0671946,-994,-779,67120,0,0,0,0,0,5208,-821,24.3471,-821.269,-823,0.0036548,0.248936,-930,-702,67300,0,0,0,0,0,58,-778,24.3204,-778.315,-785,0.0167381,0.129721,-880,-660,66756,0,0,0,0,0,0,-688,27.6116,-687.76,-694,0.0150976,0.132741,-809,-571,66580,0,0,0,0,0,0,122,36.4789,121.466,126,-0.0281295,0.0472248,-22,266,68212,0,0,0,0,0,0,215,33.1713,215.233,215,-0.0523485,0.0132574,52,383,67168,0,0,0,0,0,0,673,35.7668,672.751,675,-0.00784996,0.191449,522,844,66020,33222,4609,323317,18661,696621,697180,-999,15.2047,-999.136,-998,0.00174251,0.0974702,-1070,-919,697180,0,0,0,0,-636,35.3764,-634.041,-639,0.233059,0.195444,-885,-409,79256236,0,0,0,0,-637,35.2539,-635.026,-640,0.251886,0.240209,-885,-413,41867068,0,0,0,0,-634,35.4805,-632.938,-637,0.211815,0.151405,-867,-409,37389168,25819,1685,86511,3283,-991,27.5248,-990.522,-984,0.0144471,0.070329,-1115,-853,241300,0.876,1.268,1.872,2.133,3.316,5.03,5.977,6.721,14.629,1.165,1.698,2.581,2.986,5.087,9.385,12.025,14.085,25,2.38791,22.9876,4.33175,41.7003
Z:\SierenLab\FOVKyotoScans\1024IR3\1024_DFOV_400_IR3.nii.gz,0,0,0,0,0,0,-4,32.7428,-4.60926,-5,-0.0126055,0.132727,-136,139,50716,0,0,0,0,0,0,-3,31.9091,-3.21417,-1,-0.0253468,0.0867995,-138,137,51408,7842,532,28846,1322,107322,202650,-659,213.764,-600.286,-709,0.940437,0.584769,-1093,185,3258394,9402,595,28592,909,50650,51116,-1004,22.8689,-1003.92,-1004,-0.00540971,0.0583316,-1102,-913,51116,827825,40981,2032185,53725,3624237,3720643,-1004,27.6383,-1003.65,-1001,0.0054339,0.113486,-1146,-855,3720644,93,16,885,88,20608,51925,-942,26.9499,-942.492,-950,-0.0548015,0.0868936,-1058,-826,51952,0,0,0,0,286,47275,-887,24.3135,-886.968,-882,-0.0362026,0.0838728,-988,-781,52284,0,0,0,0,0,4040,-821,24.3309,-821.244,-826,-0.00732115,0.263593,-925,-705,51972,0,0,0,0,0,45,-779,24.3674,-778.489,-780,0.0231196,0.126674,-883,-663,51660,0,0,0,0,0,0,-688,27.6859,-687.632,-689,0.0192991,0.13942,-812,-567,50784,0,0,0,0,0,0,122,36.6395,121.626,120,-0.038337,0.0403966,-29,267,51628,0,0,0,0,0,0,215,33.3938,215.052,218,-0.0491436,0.011908,58,384,51372,0,0,0,0,0,0,673,36.231,672.709,680,-0.00935424,0.235658,517,852,50228,25442,3718,269560,16047,582279,582668,-999,14.8139,-999.152,-999,-0.0036234,0.14394,-1070,-923,582668,0,0,0,0,-637,34.7302,-635.413,-640,0.214338,0.212751,-895,-408,58042692,0,0,0,0,-638,34.6652,-636.29,-640,0.233924,0.256639,-895,-408,30688164,0,0,0,0,-636,34.7766,-634.429,-638,0.192512,0.169149,-891,-408,27354528,15616,1025,51877,1981,-991,27.6144,-990.658,-987,0.00642798,0.0607951,-1116,-866,143844,0.878,1.27,1.87,2.13,3.302,4.983,5.923,6.675,12.8,1.165,1.7,2.588,2.996,5.104,9.356,12.033,14.165,25,2.378,22.9903,4.43664,42.893
Z:\SierenLab\FOVKyotoScans\1024IR3\1024_DFOV_450_IR3.nii.gz,0,0,0,0,0,0,-4,32.6955,-4.47848,-7,-0.0140115,0.155055,-143,138,40936,0,0,0,0,0,0,-3,31.8612,-3.40322,1,-0.00919705,0.085743,-142,138,40648,6306,446,22940,980,84928,160648,-659,213.888,-600.203,-715,0.937483,0.576799,-1093,179,2575194,7444,501,22719,718,40358,40720,-1004,22.8839,-1003.88,-998,-0.00167634,0.0599467,-1105,-913,40720,653580,32452,1605360,42923,2864743,2940840,-1004,27.6292,-1003.63,-1003,0.00547833,0.112013,-1150,-856,2940840,83,8,717,58,15998,40243,-942,27.0873,-942.497,-935,-0.0550692,0.0910034,-1064,-830,40268,0,0,0,0,220,36161,-887,24.3408,-886.888,-884,-0.0311986,0.0717001,-990,-782,40040,0,0,0,0,0,3139,-821,24.2701,-821.207,-818,0.000559624,0.23639,-929,-702,41460,0,0,0,0,0,39,-779,24.3113,-778.482,-782,0.0192624,0.140788,-883,-664,40604,0,0,0,0,0,0,-688,27.7591,-687.761,-693,0.0104834,0.127992,-802,-572,40480,0,0,0,0,0,0,122,36.8231,121.351,120,-0.0292836,0.0438483,-25,266,40652,0,0,0,0,0,0,215,33.4611,214.698,212,-0.0474059,0.0471246,55,374,40784,0,0,0,0,0,0,673,36.4655,672.754,670,-0.0206993,0.224119,517,850,40344,10345,1542,119941,7276,262111,262304,-999,14.5568,-998.971,-999,-0.00302158,0.229345,-1080,-924,262304,0,0,0,0,-635,35.657,-633.627,-640,0.236482,0.19303,-895,-407,48574928,0,0,0,0,-636,35.4954,-634.648,-640,0.254281,0.240326,-895,-407,25654640,0,0,0,0,-634,35.8024,-632.483,-639,0.216094,0.146174,-889,-408,22920288,15937,1048,52942,2000,-991,27.7145,-990.408,-992,0.0148897,0.102718,-1121,-854,148560,0.887,1.271,1.862,2.12,3.288,4.96,5.898,6.659,11.378,1.166,1.7,2.579,2.985,5.093,9.379,12.056,14.148,25,2.37723,22.9332,4.51205,43.5279
Z:\SierenLab\FOVKyotoScans\1024IR3\1024_DFOV_500_IR3.nii.gz,0,0,0,0,0,0,-4,32.7597,-4.61845,-10,-0.0216931,0.12323,-139,131,32892,0,0,0,0,0,0,-3,31.9402,-3.00576,2,-0.0137723,0.104142,-139,138,32840,5212,332,18712,762,68858,130436,-659,214.13,-600.106,-716,0.93541,0.570482,-1090,183,2085958,6073,384,18340,583,32568,32868,-1004,22.9444,-1003.89,-1004,-0.00827079,0.0721397,-1100,-917,32868,529358,26373,1299593,34547,2318872,2380780,-1004,27.6565,-1003.63,-1003,0.00595238,0.115961,-1150,-859,2380780,49,3,559,52,12862,32551,-942,26.8537,-942.409,-936,-0.0395961,0.0703299,-1058,-827,32568,0,0,0,0,169,30134,-886,24.4649,-886.407,-880,-0.0129142,0.0910629,-984,-781,33556,0,0,0,0,0,2580,-821,24.5378,-821.232,-824,0.0158132,0.248839,-928,-708,32888,0,0,0,0,0,34,-778,24.351,-778.26,-781,0.0191161,0.119027,-882,-668,32720,0,0,0,0,0,0,-688,27.727,-687.819,-690,0.0211586,0.120693,-802,-568,32944,0,0,0,0,0,0,122,37.0799,121.646,127,-0.0428366,0.0408529,-30,267,33020,0,0,0,0,0,0,215,33.8835,214.907,210,-0.0582008,0.0360271,52,389,32548,0,0,0,0,0,0,673,36.4957,672.562,662,-0.0104578,0.257617,520,847,32556,24103,1446,135583,7816,283858,284048,-1000,1573.3,-1361.12,-8192,-4.11106,14.9025,-8192,-924,284048,0,0,0,0,-636,35.1193,-634.727,-639,0.219976,0.205129,-907,-405,38082236,0,0,0,0,-637,35.003,-635.671,-641,0.238722,0.251447,-907,-405,20127432,0,0,0,0,-635,35.219,-633.667,-638,0.198793,0.159185,-884,-412,17954804,10765,720,35655,1317,-991,27.7214,-990.461,-991,0.0115078,0.0662096,-1113,-856,99296,0.865,1.238,1.816,2.068,3.208,4.84,5.761,6.511,10.24,1.167,1.702,2.586,2.993,5.107,9.374,12.056,14.145,25,2.35659,22.9504,0.0414257,0.403437
Z:\SierenLab\FOVKyotoScans\1024IR3rs\1024_DFOV_200_IR3_resampled.nii.gz,0,0,0,0,0,0,-4,32.0046,-4.4073,0,-0.0110562,0.145241,-133,130,32757,0,0,0,0,0,0,-3,31.1855,-3.59964,0,-0.0288555,0.108769,-137,132,33178,4430,314,17116,800,66758,127086,-658,211.004,-601.333,-711,0.948468,0.644711,-1086,167,2079954,5956,387,18456,569,32708,32995,-1004,22.5958,-1003.79,-1001,0.00697302,0.0452116,-1094,-918,32995,539514,27570,1359866,37231,2450153,2511451,-1003,27.1596,-1003.3,-1004,0.00262781,0.109543,-1147,-843,2511452,49,5,514,52,12858,32848,-942,26.6138,-942.261,-940,-0.0481412,0.0775199,-1052,-830,32868,0,0,0,0,153,29995,-887,24.0654,-886.794,-891,-0.0188244,0.0869141,-989,-783,33138,0,0,0,0,0,2447,-821,24.1066,-821.079,-825,0.00500782,0.265374,-921,-707,32761,0,0,0,0,0,28,-778,24.0034,-778.193,-773,0.00868764,0.10474,-876,-679,32805,0,0,0,0,0,0,-688,27.396,-687.526,-688,0.0067878,0.130093,-801,-571,32904,0,0,0,0,0,0,121,35.8573,121.263,121,-0.0385925,0.04279,-25,260,33049,0,0,0,0,0,0,215,32.5542,215.055,221,-0.053558,0.0307982,67,377,32949,0,0,0,0,0,0,672,35.0189,672.415,668,-0.0121751,0.172159,532,830,32762,1599,197,9796,459,19895,19929,-660,94.3842,-682.692,-658,-2.79911,6.84109,-1069,-539,265325,0,0,0,0,-637,34.5018,-635.339,-641,0.228451,0.227673,-903,-405,36018320,0,0,0,0,-638,34.2763,-636.623,-642,0.245061,0.277719,-903,-405,18907584,0,0,0,0,-635,34.6941,-633.92,-637,0.208862,0.179929,-898,-426,17110736,10635,716,36545,1473,-991,26.9591,-990.757,-993,0.00423627,0.0620199,-1106,-860,102113,0.853,1.22,1.788,2.036,3.169,4.805,5.72,6.459,10.24,1.147,1.67,2.536,2.936,5.062,9.524,12.094,14.038,25,2.41959,23.3928,0.69625,6.73141
Z:\SierenLab\FOVKyotoScans\1024IR3rs\1024_DFOV_250_IR3_resampled.nii.gz,0,0,0,0,0,0,-4,32.5576,-4.47002,-2,-0.00553025,0.120427,-138,136,32926,0,0,0,0,0,0,-3,31.7851,-3.77204,-3,-0.0255908,0.0783499,-136,127,32795,4818,308,17984,786,67812,127992,-659,211.348,-601.784,-706,0.947176,0.643564,-1092,172,2079110,6129,398,18515,548,32669,32943,-1004,22.8704,-1004.04,-1004,0.00460164,0.038684,-1098,-916,32943,550713,27625,1365974,36933,2448001,2511371,-1003,27.4609,-1003.48,-1002,0.00311091,0.109454,-1141,-849,2511372,60,7,567,66,13083,33172,-942,26.9334,-942.432,-944,-0.0575433,0.0869634,-1054,-832,33193,0,0,0,0,165,29928,-887,24.3508,-886.979,-885,-0.0208504,0.0630528,-989,-787,33124,0,0,0,0,0,2548,-821,24.3454,-821.155,-822,0.00697716,0.250047,-919,-707,32912,0,0,0,0,0,31,-779,24.2923,-778.433,-776,0.00689312,0.0998303,-881,-679,32824,0,0,0,0,0,0,-688,27.6818,-687.785,-691,0.014674,0.117795,-808,-572,33104,0,0,0,0,0,0,122,36.2816,121.578,125,-0.0324371,0.0421959,-20,255,32892,0,0,0,0,0,0,215,32.8664,215.079,210,-0.052329,0.02586,67,369,32756,0,0,0,0,0,0,673,35.4364,672.61,681,-0.0118493,0.187249,526,835,33077,15038,1984,123825,6788,268650,268922,-999,16.0777,-998.928,-997,-0.00753803,0.0132023,-1068,-924,268922,0,0,0,0,-636,34.8791,-634.809,-639,0.215265,0.184413,-872,-415,37939563,0,0,0,0,-637,34.7716,-635.758,-640,0.233004,0.225138,-872,-415,20052491,0,0,0,0,-635,34.9686,-633.745,-638,0.195241,0.144323,-864,-416,17887072,11121,722,37329,1423,-991,27.3159,-990.774,-990,0.0132287,0.0588149,-1108,-852,103724,0.869,1.242,1.821,2.073,3.218,4.866,5.781,6.513,10.24,1.153,1.678,2.547,2.947,5.055,9.48,12.092,14.046,25,2.39701,23.1168,4.09412,39.4838
Z:\SierenLab\FOVKyotoScans\1024IR3rs\1024_DFOV_300_IR3_resampled.nii.gz,0,0,0,0,0,0,-4,31.1614,-4.61627,0,-0.0197437,0.170377,-132,130,33610,0,0,0,0,0,0,-3,30.472,-3.65694,0,-0.0281244,0.164539,-137,125,33073,4174,300,16746,754,66398,126618,-658,212.188,-599.482,-720,0.944001,0.601721,-1088,167,2086271,5689,412,18369,600,32870,33116,-1004,22.1314,-1003.52,-1001,0.0111136,0.044167,-1099,-917,33116,498916,25493,1287490,35749,2324943,2379634,-1003,26.7001,-1003.19,-1002,0.00591431,0.120835,-1140,-845,2379635,42,5,442,39,12564,32804,-942,26.089,-941.811,-942,-0.0451512,0.0821879,-1053,-837,32819,0,0,0,0,123,29849,-886,23.5265,-886.372,-886,-0.0177398,0.0634503,-985,-782,32972,0,0,0,0,0,2197,-821,23.5557,-820.613,-823,-0.00086516,0.256129,-924,-711,32660,0,0,0,0,0,19,-778,23.4818,-777.747,-779,0.0156703,0.131874,-878,-667,32460,0,0,0,0,0,0,-688,26.7529,-687.318,-689,0.0167186,0.0981429,-802,-578,32095,0,0,0,0,0,0,121,35.332,120.973,121,-0.0418609,0.0599761,-21,251,32351,0,0,0,0,0,0,215,32.1224,214.673,213,-0.0531595,0.0152571,65,364,33271,0,0,0,0,0,0,672,34.6003,672.29,676,0.00463318,0.208971,525,832,32816,12768,1743,128287,7487,282594,282785,-999,15.1675,-998.742,-998,0.000657513,0.0403937,-1066,-926,282785,0,0,0,0,-636,34.3761,-634.152,-639,0.233992,0.193629,-872,-418,38164523,0,0,0,0,-637,34.266,-635.104,-641,0.252693,0.238319,-872,-418,20163465,0,0,0,0,-634,34.4678,-633.085,-637,0.212948,0.149567,-858,-424,18001058,10374,676,37247,1523,-990,26.6189,-990.057,-996,0.0164447,0.0826189,-1110,-855,107766,0.849,1.215,1.782,2.029,3.152,4.766,5.673,6.414,10.24,1.164,1.694,2.566,2.968,5.066,9.403,12.064,14.03,25,2.46287,23.7509,4.33552,41.8099
Z:\SierenLab\FOVKyotoScans\1024IR3rs\1024_DFOV_350_IR3_resampled.nii.gz,0,0,0,0,0,0,-4,30.8155,-4.40566,0,-0.0153138,0.185868,-129,127,33311,0,0,0,0,0,0,-2,29.9349,-3.16786,0,-0.0311341,0.17839,-134,135,33212,3990,332,16560,740,66138,126268,-657,212.47,-598.76,-713,0.942026,0.587173,-1092,169,2088967,5504,377,18173,605,32500,32739,-1004,21.8283,-1003.56,-997,-0.000568093,0.0624716,-1098,-914,32739,490833,26272,1290110,36584,2334325,2386058,-1003,26.3213,-1003.13,-1005,0.00725928,0.119947,-1141,-845,2386059,36,8,446,43,13422,34860,-942,25.6575,-942.148,-942,-0.049354,0.0797942,-1053,-840,34868,0,0,0,0,128,30415,-886,23.2102,-886.562,-882,-0.0292184,0.0810699,-981,-785,33385,0,0,0,0,0,2155,-821,23.1581,-820.758,-818,0.00478017,0.260874,-922,-710,33139,0,0,0,0,0,16,-778,23.1892,-777.809,-783,0.0241645,0.141522,-871,-664,32668,0,0,0,0,0,0,-688,26.3425,-687.331,-687,0.00783824,0.126397,-806,-580,32883,0,0,0,0,0,0,121,34.9117,120.86,127,-0.039371,0.0469944,-16,246,33101,0,0,0,0,0,0,215,31.7975,214.685,213,-0.0712562,-0.00238981,65,369,32760,0,0,0,0,0,0,672,34.4158,672.219,671,-0.0137782,0.204866,526,837,31934,12948,1978,153616,9591,342179,342378,-999,14.5363,-998.647,-999,0.00196955,0.0955545,-1066,-924,342378,0,0,0,0,-635,34.4232,-633.499,-640,0.251822,0.195554,-879,-415,38871997,0,0,0,0,-636,34.3094,-634.47,-640,0.270144,0.239775,-879,-424,20544679,0,0,0,0,-634,34.5178,-632.41,-640,0.231208,0.151951,-856,-415,18327318,11120,842,41193,1678,-990,26.2555,-990.139,-989,0.0148993,0.0884108,-1114,-865,119147,0.84,1.202,1.762,2.006,3.122,4.719,5.61,6.333,10.24,1.163,1.694,2.57,2.972,5.071,9.391,12.053,14.081,25,2.50003,24.0679,4.52687,43.5805
Z:\SierenLab\FOVKyotoScans\1024IR3rs\1024_DFOV_400_IR3_resampled.nii.gz,0,0,0,0,0,0,-4,30.6095,-4.26046,0,-0.00659718,0.231894,-136,129,32991,0,0,0,0,0,0,-4,30.1561,-4.50256,0,-0.0300114,0.134637,-124,132,33457,4120,274,16804,758,66884,127096,-658,210.842,-600.887,-715,0.941981,0.626508,-1089,178,2080976,5569,394,18625,591,33356,33588,-1004,21.5831,-1003.49,-995,0.0154062,0.0430096,-1096,-917,33588,487073,26514,1289020,36663,2323606,2372038,-1003,26.0801,-1003.3,-1002,0.00652652,0.126253,-1140,-839,2372042,35,4,439,36,12279,32153,-942,25.535,-942.013,-937,-0.0748431,0.0768673,-1051,-837,32162,0,0,0,0,131,30041,-886,22.9843,-886.694,-889,-0.0439824,0.0999146,-981,-781,32896,0,0,0,0,0,2077,-821,22.8634,-820.998,-827,-0.000305114,0.25808,-922,-713,32832,0,0,0,0,0,13,-778,23.0341,-777.801,-777,0.000224933,0.134465,-879,-670,33630,0,0,0,0,0,0,-688,26.1906,-687.382,-691,0.00434515,0.139416,-794,-575,32568,0,0,0,0,0,0,122,34.4652,121.29,125,-0.0463476,0.0711931,-16,253,33508,0,0,0,0,0,0,215,31.9848,215.078,206,-0.0404598,0.0717173,65,377,33930,0,0,0,0,0,0,672,34.6889,671.958,675,0.00263576,0.219433,529,848,32869,12759,2071,168450,10629,373915,374067,-999,14.06,-998.779,-999,-0.00422291,0.147649,-1067,-925,374067,0,0,0,0,-636,33.7152,-634.761,-639,0.245324,0.220094,-877,-416,37118020,0,0,0,0,-637,33.7005,-635.598,-642,0.265293,0.258224,-877,-416,19612373,0,0,0,0,-635,33.707,-633.823,-639,0.223467,0.18269,-876,-423,17505647,8235,558,31078,1363,-990,26.1367,-989.889,-991,0.00911766,0.109306,-1110,-871,90792,0.837,1.199,1.76,2.005,3.119,4.716,5.638,6.422,10.24,1.159,1.69,2.572,2.978,5.102,9.484,12.079,14.177,25,2.51901,24.3389,4.67255,45.1466
Z:\SierenLab\FOVKyotoScans\1024IR3rs\1024_DFOV_450_IR3_resampled.nii.gz,0,0,0,0,0,0,-4,29.909,-4.19592,0,-0.00566988,0.216049,-129,126,33540,0,0,0,0,0,0,-4,29.4142,-4.2134,0,-0.0204994,0.13634,-128,125,32620,3902,290,16322,768,66280,126384,-657,211.817,-599.183,-710,0.937741,0.590464,-1086,171,2086930,5352,424,18610,611,33215,33434,-1004,21.1842,-1003.46,-1002,0.0277507,0.0479256,-1092,-920,33434,473603,26486,1288666,37362,2331544,2376758,-1003,25.5981,-1003.15,-1003,0.00821994,0.12939,-1139,-871,2376758,26,3,379,37,12356,32774,-942,24.9754,-941.873,-943,-0.0761511,0.0524951,-1051,-840,32780,0,0,0,0,91,30331,-886,22.6162,-886.446,-881,-0.0236333,0.0986852,-979,-792,33146,0,0,0,0,0,2054,-821,22.5128,-820.886,-822,-0.0221863,0.29154,-928,-716,33940,0,0,0,0,0,10,-778,22.5597,-777.764,-780,0.0108733,0.131101,-872,-679,33696,0,0,0,0,0,0,-687,25.6479,-687.167,-687,0.0111311,0.143185,-789,-580,32520,0,0,0,0,0,0,121,34.0551,120.937,118,-0.0371376,0.0597238,-5,260,33256,0,0,0,0,0,0,215,31.4497,214.768,210,-0.0833954,0.0195304,63,337,32728,0,0,0,0,0,0,672,34.2678,671.888,671,-0.0220756,0.208299,533,843,31938,5945,1001,93989,6365,213768,213866,-998,13.5835,-998.478,-997,-0.00372143,0.23996,-1076,-927,213866,0,0,0,0,-635,34.3892,-632.815,-639,0.28291,0.20821,-885,-409,39330106,0,0,0,0,-636,34.284,-633.805,-639,0.302705,0.256223,-885,-409,20766789,0,0,0,0,-634,34.4728,-631.706,-638,0.260889,0.161011,-855,-431,18563317,9942,727,39684,1741,-989,25.6553,-989.281,-989,0.0276479,0.0979608,-1104,-869,119905,0.826,1.182,1.734,1.975,3.069,4.614,5.484,6.198,10.24,1.161,1.695,2.58,2.987,5.117,9.468,12.068,14.18,25,2.56113,24.7212,4.82644,46.587
Z:\SierenLab\FOVKyotoScans\1024IR3rs\1024_DFOV_500_IR3_resampled.nii.gz,0,0,0,0,0,0,-4,32.7597,-4.61845,-10,-0.0216931,0.12323,-139,131,32892,0,0,0,0,0,0,-3,31.9402,-3.00576,2,-0.0137723,0.104142,-139,138,32840,5212,332,18712,762,68858,130436,-659,214.13,-600.106,-716,0.93541,0.570482,-1090,183,2085958,6073,384,18340,583,32568,32868,-1004,22.9444,-1003.89,-1004,-0.00827079,0.0721397,-1100,-917,32868,529358,26373,1299593,34547,2318872,2380780,-1004,27.6565,-1003.63,-1003,0.00595238,0.115961,-1150,-859,2380780,49,3,559,52,12862,32551,-942,26.8537,-942.409,-936,-0.0395961,0.0703299,-1058,-827,32568,0,0,0,0,169,30134,-886,24.4649,-886.407,-880,-0.0129142,0.0910629,-984,-781,33556,0,0,0,0,0,2580,-821,24.5378,-821.232,-824,0.0158132,0.248839,-928,-708,32888,0,0,0,0,0,34,-778,24.351,-778.26,-781,0.0191161,0.119027,-882,-668,32720,0,0,0,0,0,0,-688,27.727,-687.819,-690,0.0211586,0.120693,-802,-568,32944,0,0,0,0,0,0,122,37.0799,121.646,127,-0.0428366,0.0408529,-30,267,33020,0,0,0,0,0,0,215,33.8835,214.907,210,-0.0582008,0.0360271,52,389,32548,0,0,0,0,0,0,673,36.4957,672.562,662,-0.0104578,0.257617,520,847,32556,24103,1446,135583,7816,283858,284048,-1000,1573.3,-1361.12,-8192,-4.11106,14.9025,-8192,-924,284048,0,0,0,0,-636,35.1193,-634.727,-639,0.219976,0.205129,-907,-405,38082236,0,0,0,0,-637,35.003,-635.671,-641,0.238722,0.251447,-907,-405,20127432,0,0,0,0,-635,35.219,-633.667,-638,0.198793,0.159185,-884,-412,17954804,10765,720,35655,1317,-991,27.7214,-990.461,-991,0.0115078,0.0662096,-1113,-856,99296,0.865,1.238,1.816,2.068,3.208,4.84,5.761,6.511,10.24,1.167,1.702,2.586,2.993,5.107,9.374,12.056,14.145,25,2.35659,22.9504,0.0414257,0.403437
Z:\SierenLab\FOVKyotoScans\1024rs\1024_DFOV_200_resampled.nii.gz,0,0,0,0,0,0,-3,59.2478,-4.1969,0,-0.0153838,0.122742,-252,235,32940,0,0,0,0,0,0,-2,58.056,-2.97177,0,-0.0423493,0.100752,-256,252,33258,14512,410,27132,752,65976,144294,-654,216.029,-603.63,-707,0.885641,0.590752,-1167,243,2068991,10445,267,17567,334,29766,33099,-1004,42.4239,-1003.71,-1001,0.0172606,0.0486421,-1178,-840,33108,836646,18331,1303882,20019,2151885,2505655,-1003,50.5818,-1002.97,-1001,-0.00249894,0.098202,-1269,-714,2510928,1589,67,3850,128,14378,31476,-942,49.5206,-942.113,-949,-0.0455,0.0606362,-1155,-736,32703,51,2,194,18,2817,25230,-886,45.3636,-886.58,-884,-0.023983,0.0732521,-1080,-689,33270,0,0,5,0,114,7124,-821,45.4373,-820.599,-822,0.00278212,0.260955,-1015,-606,33000,0,0,0,0,3,1417,-778,45.3182,-777.591,-775,0.00428042,0.0970968,-963,-595,32897,0,0,0,0,0,32,-689,51.5206,-688.01,-689,0.0169367,0.112572,-903,-464,32863,0,0,0,0,0,0,121,66.9865,120.369,126,-0.0216278,0.0461745,-153,389,33042,0,0,0,0,0,0,214,59.4029,213.967,208,-0.0437748,0.0277377,-54,523,32894,0,0,0,0,0,0,672,62.5866,671.819,684,-0.00529881,0.101585,413,958,32880,31,2,60,1,117,146,-657,49.6815,-657.262,-662,-0.15563,1.11485,-1087,-413,264445,0,0,0,0,-638,54.106,-637.314,-637,0.0295385,0.148339,-985,-304,32788189,0,0,0,0,-639,53.8246,-638.391,-641,0.0414861,0.168313,-985,-317,17389574,0,0,0,0,-636,54.3963,-636.098,-637,0.0151007,0.128501,-959,-304,15398615,10079,229,17206,330,-990,48.6935,-991.076,-997,-0.0582305,0.0193924,-1179,-791,41104,0.867,1.239,1.812,2.059,3.166,4.768,5.709,6.467,10.24,1.159,1.68,2.532,2.93,5.111,9.692,12.076,13.884,25,1.30444,12.5997,1.32808,12.828
Z:\SierenLab\FOVKyotoScans\1024rs\1024_DFOV_250_resampled.nii.gz,0,0,0,0,0,0,-4,58.2116,-4.1554,0,-0.0157627,0.121728,-247,229,32940,0,0,0,0,0,0,-2,57.0141,-2.99525,0,-0.0424975,0.0927434,-249,246,33259,13956,448,26612,652,65466,142692,-654,215.377,-603.472,-707,0.887052,0.594461,-1165,240,2069698,10335,308,17615,373,29958,33104,-1004,41.5247,-1003.82,-1000,0.0189736,0.0506827,-1175,-843,33111,829739,18532,1306140,20518,2164633,2506503,-1003,49.5602,-1003.03,-1003,-0.00193498,0.0998693,-1264,-719,2510928,1476,61,3716,113,14376,31555,-942,48.5245,-942.184,-946,-0.0454786,0.0576364,-1148,-741,32705,42,2,160,18,2672,25401,-886,44.4306,-886.688,-876,-0.0213869,0.0713959,-1074,-696,33270,0,0,5,0,101,6949,-821,44.52,-820.617,-813,-0.00140343,0.26053,-1012,-608,33002,0,0,0,0,2,1308,-778,44.4011,-777.646,-783,0.00522546,0.0950494,-959,-599,32897,0,0,0,0,0,22,-689,50.4838,-688.104,-689,0.015372,0.109855,-897,-470,32864,0,0,0,0,0,0,121,65.7732,120.542,113,-0.0255363,0.0437805,-147,384,33040,0,0,0,0,0,0,215,58.3413,214.043,208,-0.0464518,0.025433,-49,518,32893,0,0,0,0,0,0,672,61.4356,671.899,651,-0.00664512,0.106393,417,954,32879,50580,2492,125567,3728,253467,266972,-998,29.9145,-998.333,-1000,-0.00354718,0.0252542,-1135,-851,266973,0,0,0,0,-637,53.2873,-636.39,-635,0.0309663,0.143872,-980,-302,35820875,0,0,0,0,-638,53.0663,-637.226,-640,0.0425893,0.160824,-980,-302,18988522,0,0,0,0,-636,53.5198,-635.447,-635,0.0173173,0.126783,-954,-312,16832353,10193,289,17767,339,-990,47.7579,-990.693,-987,-0.049042,0.0267545,-1175,-796,42804,0.859,1.227,1.793,2.038,3.136,4.719,5.649,6.403,10.24,1.158,1.679,2.531,2.928,5.111,9.692,12.072,13.876,25,1.33315,12.8407,2.20866,21.2736
Z:\SierenLab\FOVKyotoScans\1024rs\1024_DFOV_300_resampled.nii.gz,0,0,0,0,0,0,-3,58.5043,-4.17932,0,-0.0243141,0.133263,-247,231,33488,0,0,0,0,0,0,-2,57.3695,-3.00272,0,-0.0465251,0.114813,-245,242,33457,14038,450,26726,594,65490,143146,-653,218.538,-600.251,-706,0.879029,0.507573,-1163,242,2083023,10028,277,17075,355,29236,32410,-1003,41.7523,-1003.42,-1000,0.0173419,0.0708807,-1177,-844,32419,793865,17119,1242977,19499,2053180,2382504,-1003,50.0755,-1003.1,-1000,2.03E-05,0.107876,-1266,-720,2387182,1480,72,3707,121,14215,31337,-942,48.827,-942.009,-939,-0.044463,0.0662564,-1143,-743,32515,42,2,162,13,2578,24454,-886,44.6217,-886.397,-891,-0.0360598,0.0580353,-1074,-694,32216,0,0,4,0,103,7057,-821,44.7649,-820.635,-814,0.003752,0.243959,-1015,-610,33250,0,0,0,0,1,1392,-778,44.7476,-777.779,-772,0.0181921,0.110042,-958,-575,33656,0,0,0,0,0,26,-689,50.6156,-688.068,-701,0.0146345,0.0968275,-888,-477,33211,0,0,0,0,0,0,120,66.453,120.147,115,-0.0278452,0.0264919,-143,388,33545,0,0,0,0,0,0,214,59.0385,213.874,228,-0.0449695,0.00868577,-47,513,33598,0,0,0,0,0,0,672,61.6936,671.793,685,0.0115008,0.117328,407,951,33300,54402,2683,140663,4243,281962,294822,-999,28.7333,-998.774,-1000,0.00641541,0.0249445,-1127,-861,294822,0,0,0,0,-635,54.2096,-634.78,-634,0.0440691,0.149044,-986,-299,37635575,0,0,0,0,-636,53.9702,-635.697,-636,0.0569526,0.169046,-986,-299,19918700,0,0,0,0,-634,54.4591,-633.749,-634,0.0289964,0.129019,-958,-307,17716875,20344,520,35067,655,-990,48.905,-990.008,-985,-0.0112773,0.0448097,-1212,-768,84718,0.858,1.227,1.794,2.039,3.136,4.717,5.646,6.411,10.24,1.15,1.671,2.526,2.924,5.116,9.707,12.05,13.886,25,1.31326,12.6765,2.2887,22.0921
Z:\SierenLab\FOVKyotoScans\1024rs\1024_DFOV_350_resampled.nii.gz,0,0,0,0,0,0,-3,57.4761,-4.09882,0,-0.0178639,0.128128,-243,229,33375,0,0,0,0,0,0,-2,56.5341,-2.9819,0,-0.0391326,0.0992059,-247,242,32485,13608,452,26216,636,65034,141554,-653,217.698,-600.382,-707,0.881991,0.521937,-1162,236,2082323,10170,277,17592,359,30118,33232,-1003,40.9429,-1003.48,-1000,0.0179753,0.0684414,-1176,-846,33235,783759,17734,1238946,19475,2054992,2374184,-1003,49.1964,-1003.08,-1002,0.000123769,0.103846,-1268,-720,2378118,1487,66,3734,156,14659,32069,-942,48.0965,-942.608,-932,-0.0465799,0.0672982,-1144,-745,33182,40,2,153,6,2567,25658,-886,43.6797,-886.611,-892,-0.038124,0.067241,-1069,-700,33550,0,0,4,0,96,6945,-820.5,44.1491,-820.613,-809,-0.00615212,0.251114,-1009,-610,33260,0,0,0,0,1,1276,-778,43.9811,-777.451,-782,0.0121228,0.109341,-960,-581,33120,0,0,0,0,0,20,-688,49.814,-687.744,-699,0.021432,0.160182,-892,-470,32774,0,0,0,0,0,0,121,65.3008,120.342,132,-0.0209267,0.047706,-142,381,33330,0,0,0,0,0,0,214,57.8991,213.837,204,-0.0347914,0.00629653,-52,515,33239,0,0,0,0,0,0,673,60.8744,672.319,653,-0.00697555,0.0982759,427,951,32747,54264,2902,149908,4728,304295,315984,-999,27.4694,-998.696,-1001,0.00655646,0.0902075,-1124,-860,315984,0,0,0,0,-636,53.2052,-635.307,-637,0.0439073,0.153438,-987,-308,36800250,0,0,0,0,-637,53.0086,-636.164,-637,0.0571211,0.173342,-987,-308,19485815,0,0,0,0,-635,53.4092,-634.343,-634,0.0285961,0.13348,-948,-314,17314435,15941,400,27759,521,-990,48.0173,-990.158,-987,-0.0122583,0.0299887,-1208,-790,67000,0.854,1.22,1.784,2.029,3.126,4.715,5.653,6.422,10.24,1.149,1.669,2.524,2.922,5.111,9.697,12.032,13.85,25,1.34152,12.9137,2.4026,23.1278
Z:\SierenLab\FOVKyotoScans\1024rs\1024_DFOV_400_resampled.nii.gz,0,0,0,0,0,0,-3,56.4961,-4.18515,0,-0.0212538,0.120118,-237,221,32665,0,0,0,0,0,0,-3,56.0592,-4.42077,0,-0.0277571,0.111113,-242,239,33075,13178,414,25586,646,64546,140256,-652,217.893,-599.448,-699,0.881767,0.506124,-1166,233,2085930,10095,302,17620,357,30140,33170,-1004,40.3668,-1003.54,-996,0.0270606,0.0240533,-1174,-849,33173,778066,17866,1240429,19949,2064391,2375468,-1003,48.436,-1003.1,-1006,-0.000726002,0.10585,-1252,-731,2378856,1426,59,3589,134,14259,31585,-942,47.8624,-942.015,-935,-0.064377,0.0493275,-1140,-741,32640,35,3,136,8,2418,25462,-886,43.1392,-886.538,-881,-0.0275898,0.0715029,-1062,-701,33133,0,0,3,0,81,6765,-821,43.0575,-820.605,-833,0.0145315,0.256912,-1006,-615,33253,0,0,0,0,1,1222,-778,43.364,-777.712,-790,0.00145217,0.112622,-961,-583,33219,0,0,0,0,0,15,-688,49.3528,-687.749,-688,0.0259613,0.138374,-887,-475,32479,0,0,0,0,0,0,121,63.6863,121.14,111,-0.0195344,0.0514269,-133,374,33080,0,0,0,0,0,0,215,57.2652,214.545,219,-0.0487617,-0.0144914,-49,466,33662,0,0,0,0,0,0,672,60.3345,671.45,681,0.00509577,0.0681601,417,945,32407,57858,3420,172441,5814,355263,366365,-998,74.1863,-993.793,-1000,11.6634,153.622,-1123,0,368155,0,0,0,0,-636,52.6375,-635.091,-635,0.0530859,0.160705,-979,-310,36705281,0,0,0,0,-636,52.4812,-635.904,-638,0.0673328,0.180793,-979,-310,19421182,0,0,0,0,-635,52.7976,-634.177,-632,0.0367854,0.140641,-944,-319,17284099,17692,483,31093,651,-990,47.2575,-990.226,-987,-0.0204114,0.0469638,-1201,-800,75610,0.844,1.208,1.77,2.014,3.106,4.67,5.592,6.347,10.24,1.146,1.665,2.522,2.92,5.129,9.774,12.032,13.851,25,1.36124,13.112,0.888749,8.56076
Z:\SierenLab\FOVKyotoScans\1024rs\1024_DFOV_450_resampled.nii.gz,0,0,0,0,0,0,-4,55.6661,-4.31558,0,-0.0158935,0.165296,-246,230,33038,0,0,0,0,0,0,-3,54.7562,-3.76939,0,-0.0220195,0.093485,-233,225,31642,12800,384,25102,594,63896,138770,-652,217.04,-599.543,-706,0.883026,0.515212,-1160,236,2085211,10215,342,17964,331,30788,33799,-1004,39.9505,-1003.45,-1004,0.0295834,0.0365227,-1171,-852,33802,771064,18140,1240285,20131,2071847,2374483,-1003,47.7153,-1003.07,-1005,0.000621143,0.113858,-1247,-732,2377575,1350,54,3503,138,14420,32018,-942,46.9544,-942.193,-947,-0.0539214,0.0443707,-1129,-753,33022,32,6,131,6,2485,26711,-886,42.682,-886.635,-881,-0.0315104,0.100523,-1067,-699,34578,0,0,3,1,83,6805,-821,42.5765,-820.912,-812,-0.00959675,0.297082,-1011,-613,33800,0,0,0,0,2,1152,-778,42.7118,-777.586,-782,0.00567739,0.126746,-960,-592,33665,0,0,0,0,0,16,-688,48.4904,-687.792,-699,0.0110571,0.142669,-884,-481,32248,0,0,0,0,0,0,120,62.9485,120.17,122,-0.0104466,0.0256307,-124,369,32166,0,0,0,0,0,0,215,56.3521,213.992,205,-0.0591658,-0.0413195,-37,459,31786,0,0,0,0,0,0,672,59.4004,671.518,673,0.0105203,0.0628345,433,944,31350,73476,4718,235468,8278,489018,501828,-999,24.9997,-998.6,-1001,-0.00064466,0.191899,-1126,-867,501828,0,0,0,0,-635,52.0185,-635.002,-636,0.0550583,0.164716,-977,-310,36834441,0,0,0,0,-636,51.8412,-635.854,-638,0.0684615,0.184014,-977,-316,19479245,0,0,0,0,-634,52.2003,-634.047,-636,0.0396187,0.145545,-953,-310,17355196,19051,553,34070,692,-990,46.6262,-989.681,-991,-0.0151379,0.0411848,-1195,-773,83806,0.829,1.186,1.733,1.971,3.037,4.553,5.445,6.186,10.24,1.156,1.675,2.524,2.92,5.11,9.729,12.025,13.822,25,1.3774,13.3081,2.62895,25.4004
Z:\SierenLab\FOVKyotoScans\1024rs\1024_DFOV_500_resampled.nii.gz,0,0,0,0,0,0,-4,60.5582,-4.45418,-2,-0.0280874,0.0735139,-257,240,32892,0,0,0,0,0,0,-1.5,59.52,-2.23916,-4,-0.0313567,0.0898399,-257,260,32840,15254,432,28014,688,66744,146420,-653,219.999,-600.692,-703,0.878571,0.502802,-1169,247,2082992,10511,270,17481,338,29446,32870,-1004,43.3903,-1003.99,-992,0.00638449,0.0719613,-1182,-840,32884,811347,17158,1245806,18677,2033069,2374765,-1004,51.7638,-1003.53,-1005,-0.000545294,0.0981393,-1274,-748,2380640,1717,76,4021,149,14554,31337,-942,50.3111,-942.685,-940,-0.0393722,0.0534356,-1156,-733,32628,53,3,238,23,2951,25131,-886,46.3928,-886.284,-891,-0.0148683,0.0886685,-1070,-683,33484,0,0,5,0,138,7387,-821,46.5146,-821.113,-819,0.011952,0.241361,-1022,-604,32888,0,0,0,0,3,1513,-778,46.1852,-777.933,-782,0.00958097,0.113506,-972,-571,32712,0,0,0,0,0,35,-689,52.3156,-688.485,-692,0.0252212,0.114319,-906,-460,32956,0,0,0,0,0,0,121,68.8029,120.804,126,-0.034662,0.0495982,-159,397,32980,0,0,0,0,0,0,215,60.7993,214.285,226,-0.0369442,0.0120289,-58,536,32740,0,0,0,0,0,0,673,63.5381,672.172,657,-0.00042264,0.102991,404,961,32540,58274,2586,141651,4205,275044,284000,-1000,1573.58,-1361.16,-8192,-4.10931,14.8922,-8192,-856,284000,0,0,1,0,-636,55.7893,-635.223,-638,0.0445601,0.156991,-1009,-283,37542960,0,0,1,0,-637,55.5469,-636.136,-638,0.0574423,0.177434,-1009,-294,19860176,0,0,0,0,-635,56.0424,-634.197,-637,0.0295436,0.136439,-965,-283,17682784,21809,551,36435,666,-990,50.9376,-990.409,-985,-0.0029973,0.0291921,-1217,-753,86532,0.874,1.25,1.826,2.075,3.191,4.811,5.757,6.515,10.24,1.154,1.673,2.523,2.92,5.108,9.667,12.073,13.865,25,1.25901,12.2716,0.0414158,0.40368
Z:\SierenLab\FOVKyotoScans\512\512_DFOV_200.nii.gz,0,0,0,0,0,0,-4,60.7514,-4.15076,2,-0.0131825,0.102245,-255,253,51692,0,0,0,0,0,0,-2,59.6204,-3.18423,-3,-0.03995,0.0771754,-257,258,51348,24066,662,44096,1014,104520,229378,-654,216.716,-604.237,-693,0.883956,0.586703,-1178,262,3232229,16574,452,27492,451,46086,51436,-1004,43.3259,-1004.13,-1005,0.0153926,0.0348351,-1186,-832,51455,1332532,28042,2051691,30409,3353306,3915166,-1003,51.5597,-1003.44,-1005,-0.0023732,0.0956817,-1266,-718,3924500,2814,96,6536,185,22911,49507,-942,50.7833,-942.701,-942,-0.0607738,0.062805,-1158,-728,51584,88,7,394,30,4607,38766,-886,46.2246,-886.999,-876,-0.0369263,0.0749346,-1080,-683,51329,0,0,8,1,213,11551,-821,46.2435,-821.071,-829,-0.00335177,0.256121,-1020,-598,51684,0,0,0,0,6,2448,-778,46.2937,-778.037,-782,0.00882733,0.128825,-971,-561,51594,0,0,0,0,0,55,-689,52.3797,-688.319,-699,0.0217128,0.133866,-919,-458,51516,0,0,0,0,0,0,121,67.8715,120.94,118,-0.0235256,0.0597679,-144,397,51693,0,0,0,0,0,0,215,60.3993,214.395,227,-0.0297414,0.0187236,-53,528,51773,0,0,0,0,0,0,672,63.8534,672.245,660,-0.00137287,0.0855037,412,974,51668,4684,217,10300,239,19475,20640,-661,90.2214,-674.612,-655,-2.24282,6.38467,-1134,-406,412483,0,0,1,0,-638,54.8394,-637.911,-638,0.0256453,0.152774,-1007,-295,52125490,0,0,1,0,-639,54.5568,-638.998,-638,0.0370662,0.170932,-1007,-295,27466626,0,0,0,0,-637,55.1271,-636.7,-638,0.0119893,0.135043,-973,-301,24658864,12387,312,20795,340,-992,49.4411,-992.783,-994,-0.0677183,0.0142656,-1182,-777,48051,0.889,1.286,1.888,2.146,3.288,4.962,5.937,6.698,12.8,1.155,1.677,2.535,2.934,5.128,9.745,12.052,13.917,25,1.27867,12.3723,0.730736,7.07051
Z:\SierenLab\FOVKyotoScans\512\512_DFOV_250.nii.gz,0,0,0,0,0,0,-4,60.7943,-4.14951,-4,-0.0153778,0.0943539,-257,239,32941,0,0,0,0,0,0,-2,59.4979,-3.00454,-4,-0.0378192,0.0722118,-257,259,33259,15288,428,28060,710,66884,146460,-654,216.702,-604.162,-718,0.884236,0.587475,-1169,246,2068488,10671,268,17706,331,29684,33096,-1004,43.2629,-1004.17,-992,0.0160766,0.0446888,-1182,-840,33110,851382,18085,1310636,19918,2144970,2504947,-1003,51.5544,-1003.38,-1000,-0.00274392,0.0962435,-1274,-712,2510934,1703,81,4014,145,14508,31394,-942,50.456,-942.365,-951,-0.0525058,0.0655274,-1156,-733,32704,58,2,243,22,2963,25073,-886,46.3396,-886.643,-877,-0.0267593,0.0779191,-1087,-683,33268,0,0,6,0,140,7337,-821,46.3568,-820.961,-826,0.00372781,0.265644,-1022,-605,33000,0,0,0,0,4,1542,-778,46.2582,-777.998,-774,0.00388861,0.105446,-971,-595,32895,0,0,0,0,0,37,-689,52.572,-688.452,-700,0.0210949,0.11245,-906,-460,32864,0,0,0,0,0,0,121,68.3,120.773,126,-0.0306777,0.0601902,-159,397,33039,0,0,0,0,0,0,215,60.4104,214.297,221,-0.0406053,0.028686,-58,535,32892,0,0,0,0,0,0,673,63.6758,672.277,656,-0.00475007,0.0905846,405,961,32879,53017,2535,127720,3712,253068,266833,-999,30.311,-998.933,-1000,-0.00527391,0.0112164,-1141,-852,266834,0,0,0,0,-637,55.0649,-636.899,-637,0.0255763,0.145274,-993,-293,35672308,0,0,0,0,-638,54.8269,-637.715,-637,0.0367019,0.161356,-993,-293,18915975,0,0,0,0,-636,55.3179,-635.978,-637,0.012483,0.128929,-965,-297,16756333,9896,258,16754,328,-991,49.197,-991.245,-997,-0.0611054,-0.0300502,-1183,-792,39744,0.876,1.252,1.83,2.079,3.194,4.812,5.761,6.519,10.24,1.159,1.68,2.532,2.93,5.112,9.695,12.079,13.895,25,1.27403,12.3539,2.16694,21.0121
Z:\SierenLab\FOVKyotoScans\512\512_DFOV_300.nii.gz,0,0,0,0,0,0,-4,60.6145,-4.10823,-4,-0.0209943,0.105016,-247,248,22895,0,0,0,0,0,0,-3,59.5677,-3.24599,-9,-0.0404543,0.048269,-252,247,22871,10528,296,19448,452,46536,101556,-654,216.863,-604.037,-708,0.883815,0.582822,-1180,244,1437058,7339,184,12273,202,20608,22974,-1004,43.2173,-1004.07,-1002,0.0156054,0.0468007,-1183,-835,22984,591262,12776,911297,13697,1489994,1739932,-1003,51.5534,-1003.41,-1008,-0.00258025,0.0949585,-1266,-740,1744077,1195,59,2803,96,10135,21966,-942,50.4237,-942.334,-930,-0.0406908,0.0424482,-1151,-742,22918,42,3,173,14,2088,17354,-886,46.4351,-887.081,-883,-0.025886,0.073839,-1072,-696,22904,0,0,1,1,95,5022,-821,46.4259,-820.685,-820,-0.0076037,0.241329,-1007,-600,22782,0,0,0,0,3,1056,-778,46.0554,-777.918,-787,0.00356479,0.0857148,-959,-583,22778,0,0,0,0,0,26,-689,52.4303,-688.11,-684,0.0195137,0.116808,-914,-465,22908,0,0,0,0,0,0,120,68.2675,120.599,102,-0.028226,0.067274,-146,375,22805,0,0,0,0,0,0,215,60.6545,214.442,224,-0.0377637,0.0271105,-66,524,22770,0,0,0,0,0,0,672,63.8702,672.074,690,-0.0020568,0.0949415,425,963,22903,36822,1841,92213,2566,182368,191269,-999,29.4489,-999.144,-994,-0.00025343,0.0392258,-1133,-872,191269,0,0,1,0,-637,55.116,-636.805,-640,0.0268774,0.145073,-1009,-304,24810419,0,0,1,0,-638,54.8801,-637.625,-640,0.0381163,0.160455,-1009,-304,13152475,0,0,0,0,-636,55.3663,-635.879,-638,0.0136703,0.129527,-955,-305,11657944,7340,191,12432,250,-991,49.8166,-991.574,-989,-0.0368857,0.0226648,-1181,-778,29114,0.851,1.218,1.783,2.025,3.116,4.7,5.622,6.381,8.533,1.154,1.677,2.535,2.935,5.118,9.687,12.05,13.895,25,1.28791,12.3523,2.25462,21.6241
Z:\SierenLab\FOVKyotoScans\512\512_DFOV_350.nii.gz,0,0,0,0,0,0,-4,60.7319,-3.98067,-19,-0.0111749,0.0830921,-260,258,17017,0,0,0,0,0,0,-2,59.4852,-2.84538,-4,-0.042912,0.0505208,-245,250,17139,7708,206,14358,340,33892,74748,-655,215.41,-605.664,-718,0.88902,0.629981,-1169,249,1052036,5389,149,8893,172,14971,16739,-1004,43.3283,-1004.14,-1017,0.0188949,0.0522811,-1196,-837,16747,434172,9236,668917,9968,1093934,1277680,-1003,51.5552,-1003.38,-1006,-0.00169505,0.0982649,-1259,-719,1280736,922,45,2124,76,7623,16531,-942,50.6228,-942.568,-954,-0.038006,0.0633355,-1164,-749,17229,32,1,133,6,1511,12648,-886,46.3852,-886.87,-899,-0.0354281,0.0682806,-1082,-693,16780,0,0,3,0,73,3712,-821,46.4193,-820.801,-820,-0.00433081,0.28083,-1015,-599,16821,0,0,0,0,2,792,-778,46.1753,-777.734,-790,0.00435609,0.0765667,-954,-604,16690,0,0,0,0,0,19,-689,52.4817,-688.032,-691,0.0134413,0.119021,-905,-478,16797,0,0,0,0,0,0,121,68.3533,120.538,122,-0.0271095,0.0429279,-139,384,17051,0,0,0,0,0,0,214,60.468,214.178,212,-0.0329497,0.0145033,-39,485,16766,0,0,0,0,0,0,673,63.8061,672.48,698,-0.00568425,0.0681652,427,954,16674,27284,1390,71022,2127,141501,147569,-999,28.5887,-999.152,-1002,0.00152417,0.0899464,-1118,-868,147569,0,0,1,0,-635,55.8405,-634.969,-633,0.0466311,0.156678,-1005,-301,19278372,0,0,1,0,-636,55.6212,-635.87,-637,0.0600742,0.177013,-1005,-301,10196287,0,0,0,0,-634,56.0683,-633.956,-632,0.0310757,0.136326,-962,-320,9082085,11648,302,19661,364,-990,50.9188,-989.716,-974,-0.00354964,0.0355554,-1214,-772,47328,0.819,1.174,1.714,1.947,3.004,4.529,5.413,6.176,7.314,1.15,1.669,2.523,2.924,5.1,9.672,12.091,13.856,25,1.28152,12.3163,2.31102,22.2105
Z:\SierenLab\FOVKyotoScans\512\512_DFOV_400.nii.gz,0,0,0,0,0,0,-5,60.8862,-4.24775,-16,-0.00774003,0.0387736,-238,219,12686,0,0,0,0,0,0,-1,59.5985,-2.52319,-4,-0.0308448,0.0818165,-254,245,12852,5954,160,10932,218,26028,57268,-655,215.343,-605.668,-701,0.89017,0.63561,-1167,249,805456,4084,85,6837,135,11443,12776,-1004,43.2103,-1004.09,-1000,0.00125017,0.0444285,-1174,-848,12779,332170,7071,512150,7827,838208,978718,-1003,51.5292,-1003.38,-1005,-0.00147941,0.0958965,-1257,-761,981029,676,28,1623,59,5708,12470,-942,50.4174,-942.365,-947,-0.0529717,0.0783375,-1166,-734,12987,18,2,103,6,1156,9838,-886,46.2272,-886.86,-883,-0.0375056,0.0787312,-1088,-705,13073,0,0,3,0,55,2825,-821,46.3132,-820.643,-836,-0.0302642,0.284574,-1013,-629,12998,0,0,0,0,2,598,-778,46.2099,-778.082,-782,0.000186481,0.070322,-958,-583,12921,0,0,0,0,0,16,-689,52.6922,-687.713,-694,0.0385763,0.0859485,-891,-475,12796,0,0,0,0,0,0,121,68.4279,120.604,106,-0.0326298,0.0332843,-133,378,12913,0,0,0,0,0,0,213,60.6396,213.619,208,-0.0314712,-0.00333288,-58,498,12864,0,0,0,0,0,0,673,63.7232,672.077,667,-0.0369819,0.130168,407,958,12663,20436,1128,55593,1746,111186,115507,-999,27.8259,-999.154,-1000,0.0040364,0.146023,-1125,-878,115507,0,0,1,0,-637,55.3647,-636.175,-639,0.0412959,0.163151,-1006,-298,14094803,0,0,1,0,-637,55.1714,-636.957,-639,0.0552155,0.184116,-1006,-298,7461555,0,0,0,0,-636,55.568,-635.295,-635,0.0253219,0.141865,-942,-319,6633248,6612,154,11014,208,-989,50.9038,-989.515,-993,-0.0196596,0.0325833,-1202,-756,26803,0.799,1.155,1.671,1.897,2.935,4.438,5.35,6.81,6.4,1.152,1.672,2.527,2.928,5.114,9.669,12.113,13.797,25,1.28504,12.3459,2.37969,22.8627
Z:\SierenLab\FOVKyotoScans\512\512_DFOV_450.nii.gz,0,0,0,0,0,0,-5,60.8148,-3.97044,24,0.0148751,0.0728948,-246,215,10218,0,0,0,0,0,0,-3,59.3251,-2.95088,-25,-0.0248911,0.025214,-241,244,10180,4706,134,8506,220,20578,45160,-655,215.3,-605.638,-707,0.891731,0.635257,-1169,233,636296,3223,86,5417,83,9130,10182,-1004,43.1492,-1003.99,-1015,0.00730875,0.0370389,-1177,-839,10187,262445,5680,404915,6102,662992,773659,-1003,51.3535,-1003.34,-1003,0.000585741,0.098859,-1257,-763,775472,504,29,1258,34,4452,9650,-942,50.6412,-942.093,-946,-0.011573,0.0349519,-1138,-733,10070,21,1,74,6,852,7557,-886,46.0425,-886.616,-893,-0.0375284,0.081547,-1081,-729,10011,0,0,3,0,33,2280,-820,46.1758,-820.483,-825,0.00651971,0.307105,-1009,-598,10367,0,0,0,0,1,479,-778,45.9652,-777.915,-776,0.00401324,0.0719341,-955,-596,10142,0,0,0,0,0,11,-688,52.3511,-688.051,-686,-0.000233715,0.0751062,-890,-460,10220,0,0,0,0,0,0,120,68.7932,119.935,101,-0.0426718,0.0317533,-153,372,10200,0,0,0,0,0,0,214,60.1493,213.56,240,-0.0326702,-0.0242665,-18,474,10175,0,0,0,0,0,0,673,63.8831,672.08,666,-0.0230816,0.078244,415,927,10279,16412,954,46764,1534,94420,97700,-999,27.049,-998.996,-998,0.0091848,0.233226,-1129,-861,97700,0,0,0,0,-635,55.8557,-634.381,-634,0.0521125,0.163139,-972,-304,11813037,0,0,0,0,-636,55.6046,-635.273,-637,0.066531,0.185682,-965,-304,6248072,0,0,0,0,-634,56.1193,-633.38,-632,0.0354305,0.140466,-972,-305,5564965,6983,193,12009,190,-988,51.0599,-988.529,-995,-0.000389077,0.0731502,-1208,-743,29519,0.764,1.097,1.589,1.804,2.793,4.235,5.342,6.566,5.689,1.148,1.67,2.531,2.934,5.135,9.719,12.138,13.79,25,1.2878,12.3532,2.44493,23.453
Z:\SierenLab\FOVKyotoScans\512\512_DFOV_500.nii.gz,0,0,0,0,0,0,-4,59.6331,-4.56583,0,-0.028547,0.0265914,-234,217,8218,0,0,0,0,0,0,-2,58.7871,-2.47568,-11,-0.0465401,0.0184836,-212,232,8203,3660,134,6964,124,16582,36574,-655,215.064,-605.398,-697,0.888463,0.634055,-1160,221,515786,2620,58,4427,70,7369,8216,-1005,43.0005,-1004.01,-1009,0.0085158,0.167677,-1194,-838,8220,211365,4448,328315,4939,537864,626491,-1003,50.9837,-1003.34,-1004,0.00076419,0.0907869,-1248,-749,627845,389,9,963,37,3589,7873,-942,49.3943,-941.957,-949,-0.0141451,0.0202151,-1124,-775,8176,11,0,58,2,669,6356,-886,45.451,-885.991,-886,0.00343766,0.163357,-1054,-680,8436,0,0,1,0,33,1798,-821,45.7737,-820.494,-819,-0.0140163,0.298709,-1001,-606,8235,0,0,0,0,1,323,-778,45.387,-777.283,-777,0.0600113,0.0735423,-957,-587,8192,0,0,0,0,0,6,-688,51.8438,-687.844,-692,0.0352716,0.109304,-869,-487,8271,0,0,0,0,0,0,120,68.0918,120.349,129,-0.0237508,0.0276441,-123,371,8309,0,0,0,0,0,0,214,60.2625,213.709,205,-0.0459633,0.0483526,-61,491,8119,0,0,0,0,0,0,672,63.2366,671.408,667,-0.0339102,0.142808,434,941,8230,14352,653,35423,1075,68563,70692,-1001,1574.94,-1361.85,-8192,-4.10489,14.8559,-8192,-879,70692,0,0,0,0,-636,55.1442,-635.384,-634,0.0455504,0.167799,-956,-295,9228179,0,0,0,0,-637,54.9061,-636.188,-638,0.0605822,0.190759,-956,-310,4886250,0,0,0,0,-635,55.3971,-634.48,-633,0.0282463,0.144512,-942,-295,4341929,4506,114,7633,137,-989,50.6831,-988.651,-996,0.00931296,0.0720916,-1184,-770,18734,0.74,1.06,1.543,1.758,2.775,5.279,6.408,6.622,5.12,1.148,1.661,2.509,2.911,5.154,9.699,12.082,13.973,25,1.28467,12.4625,0.041587,0.403434
Z:\SierenLab\FOVKyotoScans\512IR3\512_DFOV_200_IR3.nii.gz,0,0,0,0,0,0,-4,32.5498,-4.48679,-4,-0.00791108,0.129797,-135,137,51644,0,0,0,0,0,0,-3,31.782,-3.74262,2,-0.0260802,0.0892866,-137,136,51341,7558,542,28320,1296,106822,200754,-660,210.071,-603.558,-709,0.951947,0.688002,-1092,178,3237219,9558,621,28842,871,51003,51470,-1004,22.9049,-1003.99,-996,0.00169823,0.0357297,-1102,-912,51470,862464,43177,2135532,57089,3824666,3924444,-1003,27.4783,-1003.51,-1001,0.00248473,0.107379,-1146,-843,3924445,96,12,896,86,20345,51560,-942,26.9565,-942.428,-945,-0.0688588,0.0821449,-1057,-827,51587,0,0,0,0,279,46385,-887,24.2955,-886.924,-882,-0.0349104,0.0788669,-987,-781,51324,0,0,0,0,0,3997,-821,24.309,-821.214,-826,0.00282674,0.255201,-925,-706,51683,0,0,0,0,0,46,-778,24.3249,-778.323,-780,0.0136838,0.136051,-882,-663,51590,0,0,0,0,0,0,-688,27.6274,-687.731,-688,0.0178433,0.143974,-811,-567,51514,0,0,0,0,0,0,122,36.0488,121.569,107,-0.0272703,0.0482448,-20,267,51694,0,0,0,0,0,0,215,32.8492,215.241,218,-0.0399379,0.0346765,63,383,51772,0,0,0,0,0,0,673,35.7097,672.556,680,-0.00825345,0.185278,521,846,51670,1867,201,10858,565,21809,21842,-659,81.4039,-675.426,-655,-3.30165,10.7117,-1071,-518,414442,0,0,0,0,-637,34.5034,-635.964,-640,0.21517,0.221983,-893,-415,55461143,0,0,0,0,-639,34.2883,-637.224,-642,0.231177,0.270478,-893,-415,29131832,0,0,0,0,-636,34.6866,-634.57,-639,0.196261,0.175551,-868,-419,26329311,15878,992,53319,2033,-991,27.3122,-990.871,-996,0.00822447,0.0534596,-1115,-857,147233,0.88,1.273,1.873,2.133,3.304,4.984,5.924,6.675,12.8,1.171,1.708,2.597,3.005,5.112,9.352,12.031,14.184,25,2.39134,23.1442,0.807209,7.81245
Z:\SierenLab\FOVKyotoScans\512IR3\512_DFOV_250_IR3.nii.gz,0,0,0,0,0,0,-4,32.5232,-4.46645,-8,-0.00801394,0.121864,-136,127,32940,0,0,0,0,0,0,-3,31.6956,-3.68719,-10,-0.0239911,0.0798567,-137,137,33266,4870,310,18004,778,68224,128376,-660,209.937,-603.438,-716,0.949886,0.684416,-1088,171,2072069,6136,388,18578,564,32823,33111,-1004,22.8313,-1004.01,-1002,0.00368247,0.0449048,-1099,-917,33111,548948,27866,1364210,36760,2447395,2510928,-1003,27.4261,-1003.45,-1003,0.00204144,0.106457,-1149,-840,2510929,55,7,542,45,12759,32688,-942,26.7703,-942.129,-936,-0.056224,0.079957,-1056,-828,32706,0,0,0,0,165,29934,-886,24.327,-886.58,-887,-0.025042,0.0795653,-991,-781,33269,0,0,0,0,0,2510,-821,24.3439,-821.125,-820,0.0104614,0.265796,-927,-709,33002,0,0,0,0,0,37,-778,24.2906,-778.268,-777,0.00774721,0.109744,-881,-682,32896,0,0,0,0,0,0,-688,27.6902,-687.778,-692,0.0173977,0.121172,-801,-568,32865,0,0,0,0,0,0,122,36.2491,121.471,117,-0.0336072,0.0472726,-27,266,33036,0,0,0,0,0,0,215,32.8167,215.136,225,-0.0541793,0.0340103,61,387,32910,0,0,0,0,0,0,673,35.5956,672.544,662,-0.0135936,0.187645,526,838,32863,14868,1982,123210,6736,267309,267590,-999,16.038,-998.932,-999,-0.00739106,0.0113072,-1074,-921,267590,0,0,0,0,-636,34.8843,-634.757,-640,0.215559,0.185133,-876,-420,37996579,0,0,0,0,-637,34.7684,-635.708,-641,0.232877,0.225056,-876,-420,20079749,0,0,0,0,-635,34.9831,-633.692,-637,0.19594,0.145849,-848,-428,17916830,11116,732,37530,1404,-991,27.2718,-990.753,-991,0.011281,0.0561593,-1109,-859,104067,0.867,1.241,1.819,2.07,3.209,4.839,5.762,6.512,10.24,1.177,1.717,2.606,3.014,5.123,9.331,12.046,14.192,25,2.3866,23.1443,4.08124,39.5783
Z:\SierenLab\FOVKyotoScans\512IR3\512_DFOV_300_IR3.nii.gz,0,0,0,0,0,0,-4,32.4093,-4.48358,0,-0.013749,0.131533,-131,135,22898,0,0,0,0,0,0,-4,31.7344,-3.81384,-9,-0.0281533,0.0602398,-136,130,22873,3398,252,12590,606,47540,89148,-659,211.613,-601.767,-714,0.945351,0.631596,-1093,169,1444050,4252,274,12890,412,22780,22980,-1004,22.7822,-1003.99,-1002,0.00517537,0.0505908,-1098,-915,22980,381447,19213,948239,25611,1700399,1744085,-1003,27.3985,-1003.48,-1005,0.0018358,0.104538,-1145,-861,1744085,32,4,369,43,8961,22906,-942,26.7206,-942.106,-937,-0.0416443,0.0562778,-1052,-838,22917,0,0,0,0,119,20674,-887,24.3836,-887.013,-885,-0.0239355,0.0749751,-983,-787,22902,0,0,0,0,0,1699,-821,24.3915,-820.882,-826,-0.00428916,0.241593,-918,-707,22784,0,0,0,0,0,16,-778,24.1841,-778.152,-781,0.00953241,0.0884349,-875,-675,22779,0,0,0,0,0,0,-688,27.6165,-687.469,-687,0.0157078,0.126117,-808,-570,22909,0,0,0,0,0,0,121,36.2136,121.423,120,-0.030768,0.0538788,-20,255,22806,0,0,0,0,0,0,216,32.9468,215.25,222,-0.0533482,0.0318619,56,381,22766,0,0,0,0,0,0,672,35.671,672.373,678,-0.00998479,0.185386,526,840,22888,9763,1300,89136,4832,191391,191539,-999,15.5593,-999.107,-998,0.00137967,0.0384181,-1069,-933,191539,0,0,0,0,-636,34.8514,-634.787,-638,0.21551,0.18464,-872,-410,26339757,0,0,0,0,-637,34.7445,-635.725,-638,0.233369,0.224786,-872,-413,13920886,0,0,0,0,-635,34.9409,-633.735,-637,0.195357,0.145159,-839,-410,12418871,7628,485,25766,1005,-991,27.3516,-990.56,-994,0.0215315,0.0682584,-1114,-863,72081,0.845,1.211,1.776,2.021,3.135,4.735,5.64,6.391,8.533,1.182,1.728,2.633,3.048,5.174,9.31,11.976,14.149,25,2.41367,23.1687,4.25026,40.7979
Z:\SierenLab\FOVKyotoScans\512IR3\512_DFOV_350_IR3.nii.gz,0,0,0,0,0,0,-4,32.5809,-4.39614,-9,-0.00498026,0.115873,-139,134,17032,0,0,0,0,0,0,-3,31.7828,-3.6084,-11,-0.0289563,0.0621299,-132,132,17158,2538,154,9134,378,34862,66020,-659,211.875,-601.907,-706,0.943782,0.625312,-1086,176,1060482,3181,185,9385,315,16607,16749,-1004,22.8588,-1004.03,-1001,0.00604468,0.0466127,-1107,-916,16749,280102,14038,696115,18782,1248327,1280742,-1003,27.4197,-1003.45,-1001,0.00252058,0.107629,-1141,-850,1280744,23,3,291,20,6767,17199,-942,26.8508,-942.263,-940,-0.0384836,0.0817267,-1061,-836,17212,0,0,0,0,88,15163,-887,24.3503,-886.852,-883,-0.0347867,0.0695674,-988,-786,16781,0,0,0,0,0,1255,-821,24.3923,-820.902,-821,-0.00413199,0.281914,-923,-705,16824,0,0,0,0,0,11,-778,24.2236,-778.106,-786,0.0065655,0.0667331,-871,-689,16693,0,0,0,0,0,0,-688,27.7396,-687.406,-688,0.00800151,0.113376,-802,-575,16791,0,0,0,0,0,0,121,36.4548,121.245,128,-0.0313336,0.036496,-16,260,17056,0,0,0,0,0,0,215,33.0079,215.011,207,-0.0470684,0.0258436,67,361,16793,0,0,0,0,0,0,673,35.8229,672.62,667,-0.0151222,0.176945,535,837,16674,6840,1010,68060,3933,146751,146871,-999,15.1529,-999.104,-1001,0.000798142,0.0944507,-1062,-931,146871,0,0,0,0,-636,35.138,-634.266,-638,0.222517,0.182329,-865,-420,19666330,0,0,0,0,-637,35.0147,-635.229,-638,0.239972,0.224045,-865,-420,10389404,0,0,0,0,-635,35.2445,-633.187,-638,0.202732,0.141158,-856,-431,9276926,5977,371,20501,803,-990,27.2695,-990.44,-995,0.0166137,0.0645193,-1108,-869,57481,0.816,1.17,1.712,1.947,3.022,4.563,5.437,6.196,7.314,1.178,1.72,2.62,3.035,5.153,9.289,11.965,14.074,25,2.40521,23.1318,4.3523,41.8577
Z:\SierenLab\FOVKyotoScans\512IR3\512_DFOV_400_IR3.nii.gz,0,0,0,0,0,0,-5,33.0142,-4.46228,-10,-0.00327098,0.0887708,-133,125,12672,0,0,0,0,0,0,-3,32.1284,-3.16633,4,-0.0192393,0.093534,-138,131,12848,1918,154,7132,330,26762,51100,-660,210.743,-603.616,-716,0.944246,0.660556,-1088,180,809190,2353,159,7203,198,12652,12770,-1004,22.8898,-1004,-1003,-0.0111389,0.0475715,-1095,-921,12770,215537,10748,532956,14351,955610,981010,-1003,27.5433,-1003.46,-1003,0.00294799,0.109497,-1138,-871,981010,26,4,197,16,5046,12964,-942,26.8741,-942.157,-949,-0.0542461,0.108023,-1062,-833,12972,0,0,0,0,76,11779,-886,24.4044,-886.765,-886,-0.0329049,0.0785512,-991,-792,13073,0,0,0,0,0,990,-821,24.4956,-820.766,-829,-0.0283686,0.287963,-923,-720,12993,0,0,0,0,0,8,-778,24.3999,-778.174,-768,0.00818044,0.0688003,-874,-674,12923,0,0,0,0,0,0,-688,27.9622,-687.252,-692,0.0371887,0.0939305,-797,-576,12791,0,0,0,0,0,0,122,36.831,121.327,115,-0.0399945,0.0274615,-14,258,12910,0,0,0,0,0,0,214,33.533,214.567,211,-0.0520521,0.023297,53,369,12832,0,0,0,0,0,0,673,36.4495,672.286,670,-0.0392206,0.249785,517,843,12682,5006,717,53335,3082,114941,115015,-999,14.8536,-999.13,-999,0.00125561,0.143083,-1066,-936,115015,0,0,0,0,-637,34.6185,-635.518,-640,0.203234,0.204222,-899,-416,14400828,0,0,0,0,-638,34.5478,-636.361,-640,0.221846,0.2449,-899,-416,7615693,0,0,0,0,-636,34.6733,-634.572,-639,0.182401,0.163746,-888,-424,6785135,3595,220,11999,455,-990,27.4251,-990.51,-986,-0.0099931,0.0395501,-1102,-873,33671,0.798,1.156,1.676,1.906,2.966,4.489,5.421,7.055,6.4,1.182,1.721,2.615,3.032,5.166,9.303,11.965,13.967,25,2.39619,23.0734,4.4433,42.7855
Z:\SierenLab\FOVKyotoScans\512IR3\512_DFOV_450_IR3.nii.gz,0,0,0,0,0,0,-4,33.0001,-4.33752,11,0.0154488,0.139819,-133,121,10263,0,0,0,0,0,0,-3,32.0225,-3.43587,-6,-0.0118169,0.0447388,-133,131,10159,1532,96,5678,216,21298,40458,-661,210.863,-603.963,-706,0.946603,0.661894,-1088,180,638728,1883,96,5653,194,10083,10175,-1004,22.8439,-1003.89,-1000,-0.00968941,0.0372645,-1096,-918,10175,169212,8499,421129,11343,755767,775477,-1003,27.4194,-1003.43,-1006,0.00575855,0.113039,-1138,-870,775477,16,2,152,16,3962,10063,-942,27.0109,-941.954,-933,-0.0143492,0.0520421,-1046,-827,10070,0,0,0,0,52,8986,-886,24.2895,-886.521,-891,-0.0331488,0.0767638,-988,-804,10009,0,0,0,0,0,783,-820,24.3945,-820.604,-817,0.0111662,0.297406,-920,-704,10366,0,0,0,0,0,9,-778,24.2457,-777.988,-780,0.0114484,0.0758816,-872,-679,10146,0,0,0,0,0,0,-687,27.7593,-687.286,-687,-0.00211934,0.082877,-796,-568,10221,0,0,0,0,0,0,121,37.0081,120.932,139,-0.048256,0.0197907,-27,255,10181,0,0,0,0,0,0,215,33.4112,214.535,224,-0.059677,-0.00643122,74,356,10309,0,0,0,0,0,0,673,36.5818,672.328,678,-0.0218785,0.201871,532,829,10172,3700,572,44563,2836,97178,97238,-999,14.4264,-998.976,-1000,0.00837505,0.228674,-1071,-927,97238,0,0,0,0,-635,35.522,-633.588,-640,0.229589,0.188964,-929,-412,12086210,0,0,0,0,-636,35.3481,-634.565,-640,0.247547,0.232515,-908,-412,6384590,0,0,0,0,-634,35.684,-632.494,-637,0.208908,0.145959,-929,-422,5701620,3813,257,12856,535,-990,27.5608,-989.672,-986,0.0160392,0.115651,-1113,-853,37240,0.768,1.102,1.596,1.813,2.817,4.286,5.464,6.547,5.689,1.169,1.702,2.594,3.014,5.19,9.381,12.022,14.025,25,2.40403,23.1073,4.56919,43.9186
Z:\SierenLab\FOVKyotoScans\512IR3\512_DFOV_500_IR3.nii.gz,0,0,0,0,0,0,-4,32.7724,-4.437,2,-0.0127233,0.101904,-131,126,8222,0,0,0,0,0,0,-3,32.2395,-2.97247,-13,-0.0275357,0.0593449,-116,134,8210,1250,60,4588,212,17378,33020,-661,211.406,-603.467,-703,0.93735,0.640597,-1084,173,518028,1488,106,4631,135,8142,8219,-1004,22.7884,-1003.98,-1007,-0.0096975,0.174713,-1107,-917,8219,136790,6891,341402,9275,611964,627906,-1003,27.3647,-1003.42,-1003,0.00604165,0.114974,-1134,-857,627906,11,2,108,12,3139,8161,-942,26.3647,-941.87,-944,-0.00750344,0.0404712,-1039,-851,8167,0,0,0,0,40,7531,-886,24.061,-886.095,-881,0.00678243,0.168244,-974,-778,8390,0,0,0,0,0,597,-820,24.2542,-820.515,-820,-0.0158059,0.294045,-915,-709,8218,0,0,0,0,0,3,-778,23.98,-777.649,-784,0.0684799,0.0918686,-874,-676,8188,0,0,0,0,0,0,-687,27.6008,-687.152,-682,0.0315322,0.119569,-784,-579,8277,0,0,0,0,0,0,121,37.2613,121.181,131,-0.0263787,0.0372144,-13,255,8290,0,0,0,0,0,0,214,34.1177,214.355,208,-0.0723479,0.114211,42,368,8170,0,0,0,0,0,0,672,36.835,672.006,663,-0.0376531,0.32217,535,843,8214,5908,343,33767,1929,70330,70366,-1000,1578.24,-1363.54,-8192,-4.0951,14.7716,-8192,-936,70366,0,0,0,0,-636,35.0231,-634.531,-637,0.212702,0.223552,-913,-414,9477357,0,0,0,0,-637,34.8856,-635.413,-639,0.232206,0.266359,-913,-414,5010261,0,0,0,0,-635,35.1504,-633.543,-637,0.190513,0.181348,-913,-418,4467096,2445,163,8607,342,-990,27.3615,-989.676,-995,0.0123431,0.0857056,-1095,-868,24861,0.73,1.046,1.525,1.738,2.757,5.257,6.409,6.624,5.12,1.173,1.713,2.611,3.028,5.203,9.33,11.914,13.935,24.983,2.39652,23.1879,0.0415526,0.40205
Z:\SierenLab\FOVKyotoScans\512IR3rs\512_DFOV_200_IR3_resampled.nii.gz,0,0,0,0,0,0,-4,29.3056,-4.72153,0,-0.0310993,0.131617,-114,109,8220,0,0,0,0,0,0,-2,28.5912,-3.10559,0,-0.0201821,0.0995313,-106,117,8211,822,66,3850,150,16392,30802,-658,208.269,-601.811,-710,0.954475,0.697504,-1076,141,518646,1219,84,4580,147,8180,8219,-1003,20.4155,-1003.45,-1003,-0.00995306,0.151258,-1092,-927,8219,120254,6959,339390,9989,617110,627898,-1003,24.9731,-1002.98,-1001,0.00496374,0.122728,-1122,-873,627898,3,0,66,5,3054,8156,-942,24.1224,-941.94,-939,-0.0121699,0.0424887,-1029,-861,8156,0,0,0,0,17,7750,-886,21.6345,-886.267,-888,0.0030818,0.192871,-967,-796,8409,0,0,0,0,0,444,-821,21.6425,-820.76,-821,-0.0249483,0.343267,-910,-721,8216,0,0,0,0,0,1,-778,21.4582,-777.881,-779,0.0749474,0.0857313,-858,-692,8191,0,0,0,0,0,0,-687,24.7824,-687.202,-690,0.0328118,0.139088,-774,-595,8275,0,0,0,0,0,0,121,33.5708,121.1,128,-0.0369543,0.0288177,-4,240,8293,0,0,0,0,0,0,215,30.5484,214.642,215,-0.0613273,0.0528498,70,353,8164,0,0,0,0,0,0,672,32.6829,672.021,677,-0.0390803,0.315687,548,823,8211,0,0,0,0,0,0,-657,24.2491,-656.993,-657,0.00289325,0.106125,-774,-560,66045,0,0,0,0,-637,32.5086,-635.439,-642,0.270177,0.249392,-854,-436,8597737,0,0,0,0,-638,32.3055,-636.774,-642,0.290366,0.313177,-854,-436,4500650,0,0,0,0,-636,32.6674,-633.972,-639,0.247271,0.189467,-819,-438,4097087,2063,156,8695,365,-990,24.8684,-990.046,-991,0.0279704,0.0852669,-1093,-880,25622,0.723,1.036,1.508,1.718,2.718,4.696,6.302,6.538,5.12,1.145,1.665,2.521,2.915,4.951,8.709,11.278,13.167,24.983,2.6231,25.4449,2.70142,26.2046
Z:\SierenLab\FOVKyotoScans\512IR3rs\512_DFOV_250_IR3_resampled.nii.gz,0,0,0,0,0,0,-4,27.1916,-4.61674,0,-0.0294839,0.156045,-105,105,8219,0,0,0,0,0,0,-3,26.4955,-3.15601,0,-0.0232759,0.121674,-99,113,8211,644,48,3522,166,15924,30178,-657,206.505,-601.113,-714,0.952565,0.705361,-1069,132,519129,1037,105,4633,159,8197,8219,-1004,18.756,-1003.47,-1005,-0.00636585,0.136291,-1085,-932,8219,108146,7049,340799,10973,620724,627907,-1003,23.1012,-1002.92,-1002,0.00738778,0.129337,-1116,-882,627907,0,2,41,3,2929,8160,-942,22.3562,-941.69,-939,-0.0119395,0.0514334,-1024,-865,8160,0,0,0,0,5,7868,-886,19.98,-885.881,-885,0.0157043,0.185107,-961,-802,8416,0,0,0,0,0,344,-821,20.0315,-820.698,-821,-0.0273409,0.378338,-907,-725,8219,0,0,0,0,0,0,-778,19.8095,-777.851,-779,0.065638,0.0926454,-853,-699,8190,0,0,0,0,0,0,-687,22.9598,-687.131,-687,0.0279112,0.120251,-767,-602,8275,0,0,0,0,0,0,121,31.238,121.163,126,-0.0580509,0.00927768,9,227,8291,0,0,0,0,0,0,215,28.5988,214.505,214,-0.0662618,0.0627471,81,347,8161,0,0,0,0,0,0,672,30.6579,671.925,670,-0.0385998,0.33736,553,812,8211,2115,366,29106,1844,66657,66674,-998,14.1649,-998.235,-998,-0.0096951,-0.00340025,-1057,-940,66674,0,0,0,0,-636,31.4685,-634.126,-640,0.297035,0.216283,-825,-443,9514119,0,0,0,0,-637,31.3897,-635.086,-644,0.316347,0.2644,-825,-443,5028276,0,0,0,0,-635,31.522,-633.051,-637,0.27577,0.169073,-801,-449,4485843,1643,142,8285,427,-990,23.1057,-989.866,-992,0.0362556,0.090056,-1088,-889,25531,0.714,1.024,1.488,1.694,2.666,4.338,6.142,6.421,5.12,1.149,1.672,2.534,2.93,4.971,8.713,11.265,13.167,24.983,2.82163,27.4499,4.60173,44.7674
Z:\SierenLab\FOVKyotoScans\512IR3rs\512_DFOV_300_IR3_resampled.nii.gz,0,0,0,0,0,0,-4,27.8793,-4.61946,0,-0.0428651,0.189558,-115,106,8220,0,0,0,0,0,0,-2,27.2028,-3.20071,0,-0.040723,0.121232,-105,108,8211,710,56,3670,174,16016,30416,-658,206.95,-601.345,-713,0.951257,0.700859,-1076,130,519074,1094,107,4615,170,8194,8220,-1004,19.3453,-1003.64,-1005,-0.0154604,0.189854,-1090,-926,8220,112163,6950,340405,10758,619437,627896,-1003,23.7641,-1002.96,-1004,0.00393351,0.173468,-1126,-884,627896,0,0,45,11,2976,8170,-942,23.0337,-941.775,-948,0.00533576,0.0473212,-1018,-861,8170,0,0,0,0,13,7830,-886,20.7245,-886.192,-890,0.018162,0.255011,-966,-794,8417,0,0,0,0,0,370,-820,20.7102,-820.478,-821,-0.0272894,0.472442,-905,-714,8220,0,0,0,0,0,0,-778,20.3921,-777.62,-786,0.0640515,0.143655,-852,-695,8192,0,0,0,0,0,0,-687,23.6566,-686.884,-687,0.038261,0.198382,-777,-593,8275,0,0,0,0,0,0,121,32.1236,121.232,118,-0.0430238,0.107434,0,234,8286,0,0,0,0,0,0,215,29.3192,214.662,215,-0.0661079,0.0774288,82,344,8172,0,0,0,0,0,0,672,31.3928,671.836,680,-0.0530974,0.333297,542,809,8210,2156,376,31734,2111,71020,71044,-999,13.8307,-998.632,-999,0.00241122,0.0911553,-1060,-938,71044,0,0,0,0,-636,31.9713,-634.118,-638,0.284198,0.226231,-813,-434,9513291,0,0,0,0,-637,31.8934,-635.075,-643,0.303023,0.273687,-813,-434,5028099,0,0,0,0,-635,32.0243,-633.045,-638,0.263424,0.179546,-804,-445,4485192,1779,152,8392,402,-990,23.7127,-989.871,-992,0.0457527,0.110128,-1084,-892,25568,0.726,1.04,1.516,1.728,2.74,5.025,6.349,6.575,5.12,1.151,1.677,2.548,2.95,5.002,8.715,11.212,13.077,24.983,2.76526,26.6839,4.75131,45.8486
Z:\SierenLab\FOVKyotoScans\512IR3rs\512_DFOV_350_IR3_resampled.nii.gz,0,0,0,0,0,0,-4,26.6142,-4.60613,0,-0.0126669,0.186565,-102,100,8221,0,0,0,0,0,0,-2,25.9741,-3.04994,0,-0.0199192,0.131648,-99,107,8210,568,42,3280,146,15596,29884,-657,205.885,-600.847,-710,0.950521,0.698835,-1066,140,519244,985,107,4644,168,8207,8219,-1004,18.1479,-1003.52,-1006,-0.0126871,0.13992,-1084,-936,8219,103461,7005,341656,11116,621686,627903,-1003,22.4519,-1002.92,-1005,0.00765124,0.183889,-1108,-877,627903,0,0,26,5,2908,8189,-942,21.7302,-941.659,-944,-0.0133276,0.0626787,-1019,-864,8189,0,0,0,0,6,7908,-886,19.4588,-886.008,-881,0.0270905,0.224502,-961,-801,8398,0,0,0,0,0,310,-820,19.6481,-820.564,-823,-0.0141182,0.465678,-901,-722,8230,0,0,0,0,0,0,-778,19.303,-777.701,-779,0.0368868,0.0756608,-851,-702,8190,0,0,0,0,0,0,-687,22.2061,-686.846,-686,0.0198246,0.155187,-768,-602,8272,0,0,0,0,0,0,121,30.5932,121.22,122,-0.0343254,0.0870371,9,240,8302,0,0,0,0,0,0,215,28.067,214.336,219,-0.0446672,0.156653,88,354,8158,0,0,0,0,0,0,672,30.1543,671.665,669,-0.0123272,0.451635,556,815,8210,1461,299,29167,2176,65974,65984,-999,12.8565,-998.658,-998,0.018889,0.131481,-1050,-943,65984,0,0,0,0,-636,31.014,-634.098,-640,0.308014,0.2272,-816,-441,9506891,0,0,0,0,-637,30.9488,-635.038,-642,0.327895,0.277822,-816,-441,5024567,0,0,0,0,-635,31.0532,-633.044,-638,0.286263,0.177328,-803,-459,4482324,1466,161,8116,430,-990,22.4302,-989.843,-987,0.0457441,0.126657,-1081,-899,25468,0.724,1.037,1.508,1.716,2.696,4.404,6.088,6.382,5.12,1.152,1.677,2.544,2.944,5.007,8.674,11.18,13.003,24.983,2.91485,28.2425,5.09034,49.3212
Z:\SierenLab\FOVKyotoScans\512IR3rs\512_DFOV_400_IR3_resampled.nii.gz,0,0,0,0,0,0,-4,25.5822,-4.50748,0,-0.0280357,0.236111,-101,100,8219,0,0,0,0,0,0,-3,25.0337,-3.15982,0,-0.0485841,0.135312,-100,99,8209,506,50,3130,170,15250,29542,-656,205.047,-600.391,-710,0.944533,0.688888,-1060,135,519534,907,99,4662,175,8206,8219,-1003,17.4283,-1003.55,-1009,-0.0392979,0.189636,-1074,-940,8219,96850,7186,342858,11877,623021,627907,-1003,21.5052,-1002.93,-1004,0.00898248,0.190165,-1105,-893,627907,0,0,18,4,2868,8137,-942,20.7606,-941.782,-936,-0.000398461,-0.0405001,-1013,-868,8137,0,0,0,0,3,8000,-886,18.7457,-886.136,-888,0.0274083,0.241985,-957,-808,8466,0,0,0,0,0,267,-820,18.8172,-820.354,-820,-0.0900641,0.434326,-906,-735,8206,0,0,0,0,0,1,-778,18.5868,-777.381,-779,0.0711304,0.161685,-856,-693,8193,0,0,0,0,0,0,-687,21.6611,-686.828,-684,0.0329492,0.205071,-766,-605,8275,0,0,0,0,0,0,121,29.6988,121.002,125,-0.0777336,0.103111,5,232,8283,0,0,0,0,0,0,215,27.5242,214.296,217,-0.0635174,0.188387,74,347,8181,0,0,0,0,0,0,672,29.6895,671.66,672,-0.0343458,0.40685,558,804,8214,1199,274,30323,2333,69042,69048,-999,12.0884,-998.665,-998,0.00663655,0.194768,-1051,-946,69048,0,0,0,0,-636,30.4119,-634.041,-640,0.325903,0.23955,-853,-439,9497385,0,0,0,0,-637,30.3426,-634.975,-640,0.344937,0.289907,-853,-439,5019014,0,0,0,0,-635,30.4554,-632.995,-640,0.305125,0.189863,-834,-452,4478371,1255,124,7586,478,-990,21.57,-989.512,-987,0.045684,0.135035,-1073,-890,24962,0.709,1.017,1.479,1.684,2.649,4.288,6.116,6.404,5.12,1.153,1.681,2.558,2.962,5.014,8.671,11.142,12.945,24.983,3.05889,29.4831,5.44175,52.4504
Z:\SierenLab\FOVKyotoScans\512IR3rs\512_DFOV_450_IR3_resampled.nii.gz,0,0,0,0,0,0,-4,24.9538,-4.4806,0,0.00105854,0.321413,-104,104,8221,0,0,0,0,0,0,-3,24.2168,-3.10767,0,0.0179733,0.236843,-88,94,8210,440,28,2900,168,15158,29362,-655,203.953,-599.966,-717,0.937519,0.690744,-1063,145,520120,850,91,4656,210,8204,8219,-1003,16.7327,-1003.36,-1009,0.0215529,0.180725,-1071,-943,8219,90127,7099,344487,12317,623961,627908,-1003,20.6491,-1002.9,-1004,0.0150828,0.243961,-1114,-899,627908,1,1,21,2,2846,8197,-942,20.4253,-941.642,-940,-0.02013,0.142345,-1025,-867,8197,0,0,0,0,6,7986,-886,18.0142,-885.9,-890,-0.0370884,0.290319,-956,-817,8357,0,0,0,0,0,214,-820,18.0666,-820.129,-821,-0.0777195,0.620578,-912,-732,8251,0,0,0,0,0,0,-778,17.8992,-777.283,-783,0.0637157,0.187013,-851,-706,8189,0,0,0,0,0,0,-686,20.4396,-686.588,-685,0.0076226,0.215736,-767,-597,8279,0,0,0,0,0,0,121,28.5005,120.872,125,-0.0778559,0.0592141,6,231,8302,0,0,0,0,0,0,215,26.5333,214.145,222,-0.123134,0.0793093,94,320,8158,0,0,0,0,0,0,672,28.7315,671.673,664,0.010796,0.419012,556,803,8197,912,205,32165,2727,74325,74329,-999,11.35,-998.553,-1000,0.0193161,0.281874,-1048,-945,74329,0,0,0,0,-636,29.8318,-633.992,-641,0.343007,0.253116,-825,-446,9485778,0,0,0,0,-637,29.7669,-634.9,-641,0.363501,0.30394,-825,-446,5013939,0,0,0,0,-635,29.8717,-632.975,-639,0.320669,0.203263,-823,-459,4471839,1076,114,7021,463,-989,20.6483,-989.104,-990,0.012757,0.193762,-1073,-887,24514,0.701,1.005,1.459,1.659,2.593,4.038,5.762,6.192,5.12,1.151,1.677,2.549,2.951,5.008,8.663,11.15,12.953,24.983,3.18518,30.7031,5.7948,55.8583
Z:\SierenLab\FOVKyotoScans\512IR3rs\512_DFOV_500_IR3_resampled.nii.gz,0,0,0,0,0,0,-4,32.7724,-4.437,2,-0.0127233,0.101904,-131,126,8222,0,0,0,0,0,0,-3,32.2395,-2.97247,-13,-0.0275357,0.0593449,-116,134,8210,1214,66,4514,208,17284,32964,-660,211.376,-603.225,-714,0.938372,0.642027,-1084,172,517990,1488,106,4631,135,8142,8219,-1004,22.7884,-1003.98,-1007,-0.0096975,0.174713,-1107,-917,8219,135752,6753,340216,9244,611855,627906,-1003,27.337,-1003.29,-1003,0.00627699,0.11448,-1133,-857,627906,11,2,108,12,3139,8161,-942,26.3647,-941.87,-944,-0.00750344,0.0404712,-1039,-851,8167,0,0,0,0,38,7515,-886,23.9967,-885.816,-877,0.0036056,0.17167,-974,-778,8390,0,0,0,0,0,597,-820,24.2542,-820.515,-820,-0.0158059,0.294045,-915,-709,8218,0,0,0,0,0,3,-778,23.98,-777.649,-784,0.0684799,0.0918686,-874,-676,8188,0,0,0,0,0,0,-687,27.5789,-687.001,-682,0.029314,0.123057,-784,-579,8277,0,0,0,0,0,0,121,37.2242,120.986,131,-0.0237946,0.0359519,-13,254,8290,0,0,0,0,0,0,214,34.1177,214.355,208,-0.0723479,0.114211,42,368,8170,0,0,0,0,0,0,672,36.835,672.006,663,-0.0376531,0.32217,535,843,8214,5908,343,33767,1929,70330,70366,-1000,1578.24,-1363.54,-8192,-4.0951,14.7716,-8192,-936,70366,0,0,0,0,-636,34.9942,-634.407,-637,0.213172,0.223637,-913,-414,9476955,0,0,0,0,-637,34.8557,-635.288,-639,0.232362,0.26546,-913,-414,5010031,0,0,0,0,-635,35.1226,-633.42,-637,0.191321,0.182429,-912,-418,4466924,2391,156,8500,365,-990,27.2794,-989.452,-983,0.011906,0.0901141,-1095,-868,24853,0.73,1.046,1.525,1.738,2.757,5.257,6.409,6.624,5.12,1.173,1.713,2.611,3.028,5.203,9.33,11.914,13.935,24.983,2.38874,23.2069,0.0413758,0.401971
Z:\SierenLab\FOVKyotoScans\512rs\512_DFOV_200_resampled.nii.gz,0,0,0,0,0,0,-3,56.0642,-4.5056,0,-0.0282209,0.0658687,-219,208,8218,0,0,0,0,0,0,-1,55.121,-2.13749,0,-0.0433804,0.0390509,-194,214,8204,3228,124,6358,140,16072,35106,-654,213.058,-604.438,-710,0.894278,0.647537,-1148,209,516205,2478,79,4396,85,7486,8218,-1004,40.3289,-1003.52,-1001,0.00766452,0.160103,-1177,-849,8219,203282,4868,326936,5233,546044,627037,-1003,47.9248,-1002.94,-1003,0.000461553,0.0950814,-1237,-765,627848,325,19,864,31,3578,7934,-943,46.5257,-942.375,-949,-0.0147166,0.0255693,-1110,-783,8162,7,0,40,1,580,6505,-886,42.7317,-886.262,-907,-0.000544348,0.172242,-1043,-697,8439,0,0,0,0,27,1687,-821,43.0256,-820.726,-825,-0.0212053,0.330089,-994,-619,8231,0,0,0,0,0,266,-778,42.7079,-777.659,-776,0.0582594,0.0748594,-945,-605,8192,0,0,0,0,0,1,-688,48.7141,-687.901,-692,0.0378515,0.125433,-857,-503,8272,0,0,0,0,0,0,120,64.2003,120.378,118,-0.0249562,0.0416642,-114,356,8309,0,0,0,0,0,0,214,56.8401,213.951,208,-0.0487692,0.0395558,-40,476,8121,0,0,0,0,0,0,672,59.6412,671.715,693,-0.0321765,0.180733,451,934,8230,0,0,0,0,0,2,-657,48.4518,-657.108,-667,0.0105705,0.0755774,-862,-458,65953,0,0,0,0,-637,52.0511,-636.869,-640,0.0513155,0.166284,-928,-311,7989280,0,0,0,0,-639,51.7996,-638.337,-638,0.0657136,0.188991,-926,-326,4094751,0,0,0,0,-636,52.2698,-635.325,-636,0.0351198,0.1467,-928,-311,3894529,4298,108,7611,183,-990,47.5348,-989.483,-1000,0.00849126,0.0654484,-1169,-778,18648,0.731,1.046,1.523,1.734,2.731,4.631,6.279,6.518,5.12,1.149,1.662,2.51,2.912,5.16,9.729,12.11,13.996,25,1.36748,13.2889,1.3526,13.1444
Z:\SierenLab\FOVKyotoScans\512rs\512_DFOV_250_resampled.nii.gz,0,0,0,0,0,0,-4,52.018,-4.33159,0,-0.0282062,0.0805973,-203,201,8218,0,0,0,0,0,0,-2,51.0551,-2.1548,0,-0.0492515,0.0503583,-181,208,8204,2792,114,5794,152,15522,33650,-654,210.67,-603.686,-714,0.899793,0.664869,-1140,197,516780,2359,75,4433,89,7645,8220,-1004,37.0535,-1003.65,-1001,0.0120278,0.146723,-1162,-858,8220,194989,5157,328190,5726,557699,627475,-1003,44.2512,-1002.98,-1007,0.00152475,0.0998932,-1226,-786,627849,236,13,726,25,3529,8015,-942,43.0457,-942.234,-954,-0.0189378,0.0193239,-1099,-794,8184,2,0,18,2,452,6657,-886,39.4445,-885.956,-892,0.0162541,0.166702,-1031,-710,8440,0,0,0,0,15,1552,-821,39.748,-820.733,-822,-0.0231948,0.367962,-986,-628,8239,0,0,0,0,0,183,-779,39.3907,-777.735,-780,0.0497661,0.0804365,-937,-621,8191,0,0,0,0,0,0,-688,45.0883,-687.869,-683,0.0321693,0.10492,-844,-521,8270,0,0,0,0,0,0,120,59.6487,120.561,110,-0.0449701,0.0225573,-88,331,8309,0,0,0,0,0,0,214,52.9235,213.869,230,-0.0530372,0.0504374,-21,464,8121,0,0,0,0,0,0,672,55.4977,671.665,680,-0.0298199,0.191355,467,916,8230,10776,657,31375,942,64355,66489,-999,26.4196,-998.495,-1004,0.00347714,0.0184457,-1108,-886,66489,0,0,0,0,-636,48.9754,-635.349,-634,0.0652824,0.170196,-922,-332,9216460,0,0,0,0,-637,48.8163,-636.213,-643,0.0814254,0.195822,-922,-337,4880261,0,0,0,0,-635,49.1357,-634.376,-637,0.0467646,0.144681,-906,-332,4336199,3913,112,7405,170,-990,43.9113,-989.61,-999,0.0117338,0.0706103,-1160,-797,18381,0.727,1.041,1.513,1.722,2.699,4.358,6.141,6.413,5.12,1.148,1.661,2.511,2.914,5.158,9.717,12.11,13.983,25,1.47393,14.3578,2.46874,24.0484
Z:\SierenLab\FOVKyotoScans\512rs\512_DFOV_300_resampled.nii.gz,0,0,0,0,0,0,-3,53.2593,-4.27255,0,-0.0386964,0.129605,-209,200,8215,0,0,0,0,0,0,-1,52.2764,-2.24777,0,-0.067153,0.0643957,-196,198,8201,2942,96,5938,130,15660,34106,-654,211.457,-603.74,-711,0.89648,0.659717,-1162,201,516762,2401,95,4386,99,7612,8217,-1004,38.2276,-1003.8,-1005,0.0020088,0.180942,-1169,-848,8219,197395,4964,327735,5537,553728,627298,-1003,45.6115,-1002.92,-1002,-0.000312885,0.151654,-1246,-776,627864,285,10,778,30,3574,7988,-942,44.5388,-942.265,-957,-0.00398757,0.0198198,-1094,-783,8192,6,2,31,3,508,6598,-886,40.9094,-886.127,-892,0.0160796,0.251182,-1042,-708,8443,0,0,0,0,22,1579,-820,41.0681,-820.403,-828,-0.0256234,0.477839,-995,-606,8240,0,0,0,0,0,211,-778,40.5523,-777.41,-788,0.0474924,0.140527,-935,-610,8194,0,0,0,0,0,3,-688,46.4671,-687.516,-691,0.0436486,0.18823,-864,-500,8267,0,0,0,0,0,0,121,61.3848,120.553,135,-0.030335,0.125762,-106,349,8309,0,0,0,0,0,0,214,54.3604,213.863,205,-0.0445516,0.0631462,-19,458,8111,0,0,0,0,0,0,672,57.144,671.504,649,-0.0416215,0.215554,451,911,8230,10796,588,31546,1038,64245,66357,-999,26.4259,-998.743,-1001,0.00632513,0.0883577,-1116,-882,66357,0,0,0,0,-636,50.2547,-635.244,-636,0.0604301,0.202814,-934,-319,9215640,0,0,0,0,-637,50.103,-636.12,-636,0.0753464,0.228881,-934,-319,4879956,0,0,0,0,-635,50.4068,-634.258,-637,0.0432999,0.176618,-923,-326,4335684,4016,100,7496,149,-990,45.1781,-989.503,-1002,0.013104,0.076482,-1163,-804,18497,0.733,1.05,1.529,1.741,2.752,4.963,6.327,6.556,5.12,1.141,1.652,2.501,2.908,5.137,9.715,12.097,13.949,25,1.44095,13.9273,2.48711,24.0387
Z:\SierenLab\FOVKyotoScans\512rs\512_DFOV_350_resampled.nii.gz,0,0,0,0,0,0,-3,50.5466,-4.34749,0,-0.0122432,0.11771,-191,189,8216,0,0,0,0,0,0,-1,49.6458,-1.9299,0,-0.0479011,0.0724006,-183,195,8202,2472,94,5418,142,15196,32916,-653,209.583,-603.176,-697,0.903093,0.672311,-1141,207,516949,2308,75,4409,93,7691,8220,-1004,35.8127,-1003.56,-1002,0.00825868,0.152331,-1168,-866,8220,190757,5330,328118,5853,562076,627509,-1003,42.9612,-1002.87,-1005,0.00227817,0.159065,-1210,-773,627846,218,9,675,31,3504,8056,-942,41.6876,-941.985,-951,-0.0156706,0.0280473,-1095,-783,8210,2,0,15,1,413,6676,-886,38.3556,-885.788,-895,0.0261658,0.219006,-1030,-708,8420,0,0,0,0,14,1476,-820,38.8787,-820.608,-823,-0.0120919,0.466274,-980,-623,8255,0,0,0,0,0,169,-778,38.2028,-777.679,-772,0.0265722,0.0748986,-930,-628,8190,0,0,0,0,0,0,-688,43.4946,-687.345,-691,0.0245118,0.148624,-841,-517,8264,0,0,0,0,0,0,121,58.2055,120.735,125,-0.0238719,0.100314,-89,356,8304,0,0,0,0,0,0,214,51.5544,213.455,224,-0.0327618,0.140496,-3,478,8125,0,0,0,0,0,0,672,54.0591,671.159,666,-0.00528916,0.269756,475,922,8225,9572,676,32521,1178,67592,69066,-999,24.0519,-998.666,-1002,0.0208153,0.129195,-1096,-897,69066,0,0,0,0,-636,47.8129,-635.188,-634,0.0701847,0.19701,-936,-338,9208716,0,0,0,0,-637,47.6768,-636.039,-640,0.0863223,0.223599,-936,-338,4876337,0,0,0,0,-635,47.9476,-634.229,-634,0.051727,0.170481,-914,-363,4332379,3760,113,7315,163,-990,42.6924,-989.62,-988,0.024358,0.101043,-1151,-810,18184,0.725,1.038,1.509,1.717,2.69,4.333,6.05,6.358,5.12,1.146,1.659,2.503,2.903,5.174,9.707,12.065,13.949,25,1.51718,14.7852,2.70997,26.4091
Z:\SierenLab\FOVKyotoScans\512rs\512_DFOV_400_resampled.nii.gz,0,0,0,0,0,0,-3,47.7658,-4.37879,0,-0.0244793,0.14673,-181,184,8213,0,0,0,0,0,0,-2,47.1395,-2.60683,0,-0.0780329,0.0666275,-183,175,8200,2302,86,5082,158,14796,32096,-653,208.022,-602.519,-700,0.903005,0.679129,-1128,184,517455,2230,69,4417,92,7768,8220,-1004,34.1547,-1003.64,-1003,-0.0192311,0.206705,-1146,-875,8220,184424,5377,328666,6281,569460,627652,-1003,40.7748,-1002.87,-997,0.00244893,0.165078,-1207,-797,627859,163,16,560,28,3441,8033,-942,39.5211,-942.058,-936,-0.0156536,-0.0516299,-1078,-794,8147,0,0,11,1,379,6842,-887,36.7876,-886.147,-893,0.0277382,0.223443,-1023,-738,8489,0,0,0,0,11,1373,-820,36.9401,-820.322,-820,-0.0774685,0.403505,-985,-646,8222,0,0,0,0,0,118,-778,36.6175,-777.096,-775,0.0558988,0.169848,-942,-611,8198,0,0,0,0,0,0,-687,42.0326,-687.324,-686,0.0371083,0.199242,-842,-522,8266,0,0,0,0,0,0,121,55.5965,120.328,147,-0.0589596,0.112969,-93,339,8298,0,0,0,0,0,0,214,49.4383,213.667,213,-0.0451293,0.145584,-21,462,8124,0,0,0,0,0,0,672,51.9959,671.216,655,-0.0235688,0.249392,478,887,8230,8564,636,32892,1309,69138,70209,-999,22.4693,-998.697,-1000,0.0120714,0.189131,-1095,-899,70209,0,0,0,0,-636,45.8901,-635.114,-634,0.0804084,0.209433,-917,-350,9203869,0,0,0,0,-637,45.7651,-635.954,-634,0.096472,0.236555,-917,-350,4873184,0,0,0,0,-635,46.012,-634.169,-633,0.0620546,0.182398,-896,-368,4330685,3378,130,6973,162,-989,40.2783,-989.173,-990,0.0175198,0.114539,-1136,-802,17945,0.718,1.028,1.493,1.699,2.662,4.273,6.089,6.385,5.12,1.145,1.66,2.512,2.915,5.134,9.677,12.093,13.891,25,1.61435,15.5761,2.92955,28.2659
Z:\SierenLab\FOVKyotoScans\512rs\512_DFOV_450_resampled.nii.gz,0,0,0,0,0,0,-4,46.5277,-4.25265,0,-0.00605729,0.229121,-195,200,8217,0,0,0,0,0,0,-2,45.5398,-2.3959,0,-0.017821,0.158289,-167,166,8204,2046,120,4898,142,14524,31478,-651,207.908,-600.527,-700,0.89669,0.645314,-1121,198,519608,2120,83,4422,117,7793,8220,-1004,32.7847,-1003.39,-1000,0.0400072,0.199512,-1133,-883,8220,178760,5524,329463,6469,574865,627727,-1003,39.1381,-1002.84,-1003,0.0050162,0.217985,-1213,-805,627899,147,9,538,28,3474,8103,-942,38.7841,-941.892,-922,-0.016785,0.130775,-1103,-806,8209,2,0,13,2,307,6790,-886,35.1941,-885.86,-896,-0.0421546,0.285582,-1027,-755,8364,0,0,0,0,11,1259,-820,35.502,-820.073,-823,-0.076263,0.633668,-997,-645,8243,0,0,0,0,0,121,-778,35.2075,-777.068,-787,0.0449465,0.194287,-933,-637,8186,0,0,0,0,0,0,-687,39.7108,-687.145,-687,0.0161737,0.212724,-851,-513,8279,0,0,0,0,0,0,121,53.3192,120.243,140,-0.0581629,0.0538137,-90,329,8295,0,0,0,0,0,0,214,47.2322,213.354,220,-0.0832719,0.0723042,16,410,8129,0,0,0,0,0,0,671,49.9656,671.3,691,0.0172096,0.21721,484,887,8210,7404,645,32879,1416,69758,70586,-999,21.0441,-998.595,-1002,0.0219709,0.28309,-1091,-896,70586,0,0,0,0,-636,44.4244,-635.04,-637,0.0819045,0.231554,-923,-362,9208585,0,0,0,0,-637,44.2766,-635.885,-638,0.0980171,0.25586,-887,-362,4874781,0,0,0,0,-635,44.5708,-634.089,-637,0.0633955,0.207812,-923,-380,4333804,2958,120,6598,198,-989,37.8583,-989.159,-1002,-0.0193182,0.18913,-1133,-795,17349,0.701,1.005,1.456,1.655,2.579,3.99,5.684,6.16,5.12,1.15,1.667,2.516,2.918,5.165,9.698,12.134,13.875,25,1.68089,16.2256,3.12615,30.1766
Z:\SierenLab\FOVKyotoScans\512rs\512_DFOV_500_resampled.nii.gz,0,0,0,0,0,0,-4,59.6331,-4.56583,0,-0.028547,0.0265914,-234,217,8218,0,0,0,0,0,0,-2,58.7871,-2.47568,-11,-0.0465401,0.0184836,-212,232,8203,3660,134,6964,124,16582,36574,-655,215.064,-605.398,-697,0.888463,0.634055,-1160,221,515786,2620,58,4427,70,7369,8216,-1005,43.0005,-1004.01,-1009,0.0085158,0.167677,-1194,-838,8220,211365,4448,328315,4939,537864,626491,-1003,50.9837,-1003.34,-1004,0.00076419,0.0907869,-1248,-749,627845,389,9,963,37,3589,7873,-942,49.3943,-941.957,-949,-0.0141451,0.0202151,-1124,-775,8176,11,0,58,2,669,6356,-886,45.451,-885.991,-886,0.00343766,0.163357,-1054,-680,8436,0,0,1,0,33,1798,-821,45.7737,-820.494,-819,-0.0140163,0.298709,-1001,-606,8235,0,0,0,0,1,323,-778,45.387,-777.283,-777,0.0600113,0.0735423,-957,-587,8192,0,0,0,0,0,6,-688,51.8438,-687.844,-692,0.0352716,0.109304,-869,-487,8271,0,0,0,0,0,0,120,68.0918,120.349,129,-0.0237508,0.0276441,-123,371,8309,0,0,0,0,0,0,214,60.2625,213.709,205,-0.0459633,0.0483526,-61,491,8119,0,0,0,0,0,0,672,63.2366,671.408,667,-0.0339102,0.142808,434,941,8230,14352,653,35423,1075,68563,70692,-1001,1574.94,-1361.85,-8192,-4.10489,14.8559,-8192,-879,70692,0,0,0,0,-636,55.1442,-635.384,-634,0.0455504,0.167799,-956,-295,9228179,0,0,0,0,-637,54.9061,-636.188,-638,0.0605822,0.190759,-956,-310,4886250,0,0,0,0,-635,55.3971,-634.48,-633,0.0282463,0.144512,-942,-295,4341929,4506,114,7633,137,-989,50.6831,-988.651,-996,0.00931296,0.0720916,-1184,-770,18734,0.74,1.06,1.543,1.758,2.775,5.279,6.408,6.622,5.12,1.148,1.661,2.509,2.911,5.154,9.699,12.082,13.973,25,1.28467,12.4625,0.041587,0.403434
